news_id,author_id,social_capital_score,sentiment_enabled
1369343506939019269,759251,1266716.6216696273,False
1151160990995746816,180463340,9024725.962383991,False
1343240225129168898,1060978099146260480,810203.5130115121,False
1312476369830338561,1141417774201184257,167136.20024548486,False
1369271796499947520,759251,370613.78634864255,False
1281615412459782145,2412917082,31499.990209790212,False
1324784149241147394,1288485038,494154.6911502168,False
1338474408743215106,1288485038,3029238.626880898,False
1298591876963078146,1288485038,1911721.8668706964,False
1189330936300756992,180463340,29477472.148711894,False
1369281593693646851,1367531,27818.467741935485,False
1369388544003895298,5988062,17940.153488372092,False
1369253885932617735,1367531,57112.157258064515,False
1369010885075812352,1367531,162695.88709677418,False
1369523963974549504,87818409,8541.832727272727,False
1369483207935225856,14173315,7151.646447140381,False
1369439516679942144,87818409,8442.50909090909,False
1370144518100684802,28785486,82433.87396562699,False
1368604102989541376,1367531,44888.89112903226,False
1369460811760988160,28785486,22159.64353914704,False
1369325020258983936,24742040,508629.5605858854,False
1365315820080009221,821102114,916760.7492991405,False
1344689933978656771,1060978099146260480,258567.94305246527,False
1369375444793954323,807095,14018.506065857884,False
1317842770816602114,715177919438577664,682538.0556986117,False
1336964656792035329,821102114,1356492.80132359,False
1369441796925886465,807095,20608.402079722702,False
1336810117057179649,821102114,2867237.1601636102,False
1369400194513723396,807095,9106.038128249565,False
1365327872643260420,821102114,18418.096419872236,False
1364607745270423556,821102114,10810501.69364401,False
1337077938076979205,821102114,488079.5551266142,False
1354118501653483523,273181052,327.75700934579436,False
1369383214062665731,24742040,4936.06746560142,False
1336793663792406530,821102114,169906.93947332137,False
1369386818169372680,24742040,8155.241899689303,False
1339525827118194689,1038082275689340928,1235642.905753618,False
1369372321736232963,24742040,429.22325787838435,False
1367882927384768524,10671602,4101.5705430342505,False
1363551492486008834,15234657,634.7368421052631,False
1363564146948665347,34992644,329.99999999772524,False
1369498799673065473,2557521,9767.323696377363,False
1367766039254163458,368276033,281563.28013208584,False
1369453291936088064,14173315,10679.792027729636,False
1369600439239458820,14173315,22408.49220103986,False
1368785659066941440,2557521,84137.8769239773,False
1369579853612281860,28785486,67808.50922978994,False
1369587331691208706,87818409,3575.6509090909094,False
1369601403686182915,16973333,18259.545454545456,False
1364144723590578176,368276033,82497.17116125482,False
1369985018878169089,28785486,1719145.1457670275,False
1370003953598013450,28785486,305359.8879694462,False
1369610663547518978,16973333,2758.636363636364,False
1369471231448158208,5988062,13623.725581395349,False
1369578871478235143,16973333,11560.0,False
1369382859534897161,28785486,40330.55124124762,False
1370128693662785544,28785486,27921.150859325273,False
1369037711324119046,1367531,53740.22177419355,False
1369271770960850949,5988062,7553.748837209303,False
1369511733975515142,14173315,65985.85788561525,False
1362776603047165957,621583,217.66216216216213,False
1369048387815899139,14293310,17373.176470588234,False
1369355243406954501,807095,12101.445407279029,False
1362074171832958980,11856342,101603.96030245748,False
1369614175048249346,25562270,4349.935483870968,False
1359577321695547392,11856342,22263.473534971647,False
1362085735063572482,11856342,38595.75141776938,False
1369292125641269258,46403451,1107.9545454529602,False
1369458171467591683,1344951,126.65217391304347,False
1365007905318133766,11856342,108652.62759924386,False
1361388306106318857,368276033,86277.56690779349,False
1361701236395958278,368276033,168184.03962575673,False
1366932843067277314,11856342,3782.211720226843,False
1369030160943611907,2557521,380.83601568443845,False
1366709656974942211,368276033,278789.12499143323,False
1364579317964034050,368276033,144746.71809779093,False
1369441382973272064,759251,71459.98959654912,False
1369362392749121542,17602896,4282.908339076498,False
1369030162298400778,15635604,2190.220913107511,False
1363896507242598402,15234657,14408.526315789473,False
1367883861271613441,15234657,8568.947368421053,False
1366963364975452162,82652901,107.99202127659575,False
1369048640111570951,17220817,0.0,False
1166395659500568579,115093611,2460.6572379367717,False
1367559613005004800,18256664,948.0605042016807,False
1353812372331220992,23119425,64.66321243523316,False
1321186362171666432,140845817,3815.7113402061855,False
1342995722761695232,56518880,5995.33247908344,False
1323456695725625344,232010910,2903.2405063291135,False
1240704016046116865,115093611,4242.512479201331,False
1306742315667529729,232010910,6774.227848101265,False
1153306430100910080,23119425,988.7943300491289,False
1324916905954652168,232010910,2734.936708860759,False
1368659881260032001,90057442,1271.5180265654649,False
1256258912866766851,115093611,2290.9567387687184,False
1318297870315839488,140845817,628.4701030927835,False
1180250671905263616,23119425,3378.6528497409327,False
1367521202042933249,16573941,33647.488,False
1367300793485828097,26585095,8307.326732673268,False
1369075493753020420,17602896,856.5816678152996,False
1369075561981566976,17602896,685.2653342522398,False
1303249708169613313,65468720,2922.857142857143,False
1364666742916583427,985916593065476096,47091.0,False
1366443197166096385,26585095,1482.7417316199706,False
1367237010608431106,16573941,565.5039999999999,False
1367894335233142789,43192807,31821.83532369579,False
1324374402750767104,140845817,673.360824742268,False
1363941648812675075,43192807,25981.873035826524,False
1367315410106736640,82652901,53.996010638297875,False
1368286394792046596,82652901,53.996010638297875,False
1369959855692337152,28785486,81104.29535327817,False
1352325551621595136,19110632,89.64999999886638,False
1369598009084887043,15808647,26405.283783783783,False
1368835740529000449,15808647,6872.608108108107,False
1369397597421645834,807095,120774.82149046792,False
1369242094217404419,14293310,161184.47058823527,False
1369552733536219138,1344951,3989.5434782608695,False
1369113689845022721,14293310,20992.588235294115,False
1369456737070313476,807095,35225.98960138648,False
1369525973302079490,28785486,70910.85932527053,False
1369563595978252291,15012486,6283.636363636364,False
1369337073463885828,15012486,5847.272727272728,False
1370053184589299724,28785486,55399.1088478676,False
1369275546044162051,5988062,7823.525581395349,False
1369049581208670208,14293310,26783.647058823528,False
1369506070989836290,759251,105152.15199188025,False
1349380288783253504,19110632,89.64999999886638,False
1349377838722519040,19110632,268.9499999965991,False
1354011094751260673,19110632,89.64999999886638,False
1353672852747284480,19110632,0.0,False
1368622654870192131,15808647,10851.486486486487,False
1352554075657801732,19110632,89.64999999886638,False
1369226601972563972,15808647,9404.621621621622,False
1364851499042537474,19110632,89.64999999886638,False
1369438033892806663,15808647,5064.027027027027,False
1369619124318580736,15808647,5425.743243243243,False
1369495249417101312,28785486,167526.90515595162,False
1352937076669476864,19110632,89.64999999886638,False
1368856158010810369,15808647,43044.22972972973,False
1369590734672760836,15808647,3978.8783783783783,False
1368975418741624833,1367531,116121.02822580645,False
1369382939289587718,28785486,99275.20305537875,False
1369517501248372738,14293310,40778.70588235294,False
1369543002385956865,87818409,9038.450909090909,False
1369612914982846469,87818409,9932.363636363636,False
1369480643315462144,14173315,10298.370883882148,False
1369351763355201542,14293310,20751.29411764706,False
1370004858464534529,28785486,90411.34563971993,False
1369468594891948038,28785486,130741.89688096754,False
1369336610681159680,5988062,2293.1023255813957,False
1369503478880612357,759251,123628.49911190056,False
1369611245616250880,87818409,1291.2072727272728,False
1369430816389033988,14293310,31850.823529411762,False
1368685627303223297,1367531,157427.23790322582,False
1369377514930507782,28785486,108139.06047103756,False
1369438777127624709,87818409,3377.0036363636364,False
1339526482142654466,1038082275689340928,1131.5411224849981,False
1326208392923410432,715177919438577664,1520335.1648007166,False
1356659266732650498,273181052,1065.2102803738317,False
1357425371721965589,273181052,245.81775700934577,False
1274054340517527552,2412917082,3395.553146853147,False
1362794394848538628,1288485038,2317327.4776842645,False
1357736029067874305,1288485038,4162197.720989544,False
1367608643596783616,1232061287301074945,596.6345123258307,False
1368667864803213318,14800270,638.6759581881533,False
1368867018854830081,715177919438577664,477933.1016009852,False
1349775316366090242,79293791,159871.58643985676,False
1219085119971000320,180463340,4028663.238983752,False
1339894034781880323,1038082275689340928,8109.37804447582,False
1368199950169997314,16184358,44.79999999999987,False
1369559926629167104,34713362,156.66666666666637,False
1204026434739691520,180463340,6661788.612433926,False
1369586848163586051,34713362,76.66666666666653,False
1369418972509179912,15110357,121.87336461968897,False
1340053176150614025,1038082275689340928,70721.3201553124,False
1197158580333535232,180463340,3465864.435333593,False
1369311531360518146,2735591,1473.4285682212462,False
1362083047785439239,34507480,9839821.308496894,False
1337020338916499463,17919972,29732530.07062211,False
1369405604595400711,2735591,654.857141431665,False
1331748997124534274,17919972,2559168.6407289803,False
1369298875719311360,2735591,1473.4285682212462,False
1355167587638906880,23375688,45694.798022020055,False
1294010972055592962,79293791,723229.8958694723,False
1337022746824499203,17919972,24727608.961178727,False
1353502767352926208,23375688,68970.16342922712,False
1351920546011893761,14230524,21728417.948772755,False
1365416645624143873,14230524,22281595.60195395,False
1337463904566456320,17919972,14133385.110216843,False
1331744604891344896,17919972,3248892.751217644,False
1357375687967997959,25365536,41404.67368789568,False
1358843515149504514,34507480,1418715.0688121943,False
1359820217090768896,621583,8488.824324324323,False
1364974104491798530,14434070,50.5,False
969126955193962496,42703075,491.83333333333337,False
1367244704526393349,14434070,151.5,False
1369342862656221187,15808647,11213.202702702702,False
1363849575279316998,621583,2321.7297297297296,False
1365618942501285888,7905122,924.6086956512058,False
1365376371376205838,14434070,50.5,False
1368972324301602816,25562270,710.1935483870967,False
1368969473651261440,14885549,76.13793103448248,False
1369087867939659782,24742040,422141.074123391,False
1368234120082554894,773069256,3434.3562753036435,False
1368487188724350976,558797310,45464.76063183475,False
1367862841907294209,34613288,1314226.2587412589,False
1368174374247923712,34613288,159370.6153846154,False
1368501683219693570,34613288,217502.43356643358,False
1368632782042333188,96951800,172158.09399577978,False
1364237278516830212,14434070,126.25,False
1368519774955798529,773069256,8735.21052631579,False
1368216046616768513,2941994339,270.74074074074076,False
1368932010971004931,1638021792,2527.515684410647,False
1368909409775149064,96951800,162448.32879340113,False
1367462925250818061,34613288,73424.95804195805,False
1337318168277241857,821102114,343037.0458201204,False
1369337343270862853,24742040,4506.844207723036,False
1336596712857743361,821102114,59398.36095408796,False
1368703131652005888,100220864,1339311.1009382077,False
1363548342832218116,314792669,35862.515077633776,False
1360637255132434433,34507480,37568109.907815166,False
1359964129532862464,34507480,39559406.25125076,False
1349748316901310464,14230524,52266422.63644916,False
1296750375114964992,100220864,2037948.6943661321,False
1337245958787244033,17919972,30898986.565172058,False
1361140319002103813,21447363,71699.82089552238,False
1369095591607865347,18228898,5123.575961179544,False
1363673526096470017,21447363,72636.66524520256,False
1365178104310763520,100220864,70344.14807967833,False
1322209256611852294,14230524,53587658.757630266,False
1318996052049973248,14230524,7152160.454015158,False
1354658220585922565,17919972,45970457.97950949,False
1268243264156524544,100220864,499583.12386190327,False
1363674987626856448,21447363,59479.206823027715,False
1334706123971162115,26565946,2624.828609773427,False
1334724211689074688,34507480,17199225.607516907,False
1290389884927000582,79293791,796973.0026168617,False
1316909183225286657,79293791,2060037.12976206,False
1337021907464499204,17919972,21923346.05041824,False
1350483251291451392,19373710,271554.3661823295,False
1334726779903168512,14230524,1790849.0130439035,False
1334711453211889665,34507480,2970114.0609365553,False
1331741612402237443,17919972,3591255.806061655,False
1358843677582401536,34507480,2792010.966655671,False
1290659734639521798,79293791,150386.0710552238,False
1292597118763319296,108361327,15374.697508896797,False
1362841895030968326,55365711,1235.953125,False
1322221808913928193,18847632,49455.419128508125,False
1322191082235506689,337789021,10113.162431941922,False
1365001111946420226,15155074,446726.8088888889,False
1341790679945670656,15155074,1393097.5644444446,False
1322229311718494210,18847632,48250.82163958641,False
1337774207971684352,2836755090,95002.69865067466,False
1275492317013479424,110783489,5759.028571428571,False
1319321276171759617,19373710,1102410.2199437544,False
1263620338790944769,297047872,21284.688897925986,False
1338573100921794560,15155074,51175.351111111115,False
1333878541398798338,2836755090,63798.65067466267,False
1327308553418272768,6207392,11644.285069914298,False
1312391963241398272,337789021,95686.07531760435,False
1361732521428275201,20322929,23746.381783528937,False
1164279406057201665,19028953,3280803.8975452734,False
1351540224560668673,18222378,44055.764641187794,False
1330972658612150272,238475531,87127.47247706422,False
1273231711908872193,19028953,4379047.803384877,False
1182112257708306433,19028953,313279.6741513123,False
1359597695548153864,15155074,9704.24,False
1364683920965578753,55365711,74.90625,False
1095067826061262848,19028953,9675662.953966469,False
1365320876510560258,19114743,1082.962392108508,False
1338584496489172992,3004231,717.0,False
1336059119174897665,15155074,38982.84444444445,False
1366561763962073092,55365711,13050.658447265625,False
1362872757109809152,55365711,861.421875,False
1360346403873181707,19114743,3098.094944512947,False
1333873034114064385,19373710,586103.2893133349,False
1366115959623331844,55365711,10054.408447265625,False
1359932980974657536,19373710,135311.87403327864,False
1362069293790162946,15155074,26541.51111111111,False
1364624807220948994,55365711,4324.080322265625,False
1343729046891347968,3004231,17130.486486486487,False
1321455751567532032,19373710,889112.5478087649,False
1347619092417548288,238475531,23478.990825688074,False
1368317364287180801,3001704118,8365.455421686747,False
1368157353695121412,22910295,72040.76799264198,False
1369007428696743936,22910295,374651.6854449298,False
1368241591299760129,2941994339,81.85185185185186,False
1368173264602869761,452155423,9183.185840707965,False
1368550065502121985,19583545,413390.8097520317,False
1369382325633638404,1638021792,18453.101235741447,False
1368645394348077067,96951800,133197.2806445425,False
1368982192194519043,22910295,105897.94435502413,False
1369259792892633089,96951800,79260.90466142337,False
1320726746329743363,113696373,107058.37119113574,False
1351594764056088577,29758446,131465.4495015171,False
1365731424322478084,10671602,16957.239409261005,False
1337102280059834370,821102114,5991867.217794935,False
1352017720578105346,821102114,31771.21632427961,False
1350865539091066881,252882791,268260.3656320969,False
1330948472992776193,612782611,1954.9008620689656,False
1360638198573981696,79293791,618184.5883527942,False
1269640838205902849,297047872,112943.96095973974,False
1366709249137643523,314792669,45074.18195816759,False
1367946423736537089,100220864,36018.57401673061,False
1327659608903733249,95955871,2385205.17624148,False
1338944728969035776,34507480,22924706.970561016,False
1366208806535892995,21447363,51568.076759061834,False
1364598637163126785,2836755090,85658.17091454273,False
1345405481628684289,18645813,11056.779505946934,False
1354547483083329538,26565946,58074.332991237075,False
1327687747117740035,238475531,83299.376146789,False
1333406580927303682,21001379,3788.125,False
1359185296382779393,18228898,4982.34415826801,False
1363926533652574218,238475531,77072.3394495413,False
1365207153359917058,18776605,8281.054852320676,False
1324713186436796417,118483749,5205.96905766526,False
1353719280022343683,337789021,35431.42921960072,False
1360341869478223872,19114743,10171.621454993836,False
1309555054295355394,95955871,958728.6543330087,False
1341035699970011136,2836755090,63687.40629685157,False
1360046105170485249,34507480,11229371.275138821,False
1316844403797889024,238475531,40475.738532110096,False
1310618458925740032,18645813,20396.468435498628,False
1366833859829108738,100220864,260235.25539584973,False
1330164072227094528,337789021,25106.102540834843,False
1351669168987226112,236956880,3233.194559036682,False
1334601400836354048,15155074,18081.404444444444,False
1347589799947984902,18847632,188787.19534711965,False
1333492114408296449,15155074,32928.06222222222,False
1358058477785120769,79293791,26424152.52611491,False
1363238923879653379,55010030,108362.80278703423,False
1086268959492468742,202222127,546.0189274447949,False
1316501262704144384,19373710,588336.7727911882,False
1362769948691472385,236956880,43295.63541085963,False
1327642451427864577,238475531,100449.24770642203,False
1330692631551234050,95955871,462433.9552093476,False
1367500382717546499,23976386,2832.871704745167,False
1364533279261679619,118483749,4171.111111111111,False
1349370619616378880,2836755090,283283.80809595203,False
1361376289475682307,621583,3845.3648648648646,False
1319686215642214401,19373710,534174.7984532458,False
1238490684384071686,297047872,54925.07116714112,False
1352347607855726594,95955871,932529.8305744887,False
1315698359718551552,18645813,19241.043000914913,False
1336325009367678977,2836755090,106238.3808095952,False
1304866700794363905,6207392,20247.395128552096,False
1310693744056950787,95955871,1091452.8841285296,False
1359547910619344904,25365536,31786.71302914491,False
1334534887664209922,2836755090,89996.70164917542,False
1366167129754537984,17019152,621.4778761061947,False
1365113385658970113,155705264,1320521.427142909,False
1342062601535164416,18847632,52734.6011816839,False
1240464261366919171,89366493,3839.5437262357414,False
1369042864316026881,15808647,1085.1486486486485,False
1354565152939544576,155705264,5179.903860827101,False
1320142365038817281,19373710,704850.1608858682,False
1338592930022363139,22720074,8155.71530802738,False
1365155419564351490,250887629,4857.074343089083,False
1361396964227772419,2559865245,871.9137419242186,False
1272637078401097731,291428614,74622.51263960006,False
1321919226341306368,517077573,1547292.0072216187,False
1364415183607586825,35999306,81.96694214876032,False
1365372438578667526,214201922,2660.392408104429,False
1359318229735251977,43815496,286709.7502523167,False
1366804263385501696,19604744,16914.013646702046,False
1343974143646044160,310072711,87060.81584675664,False
1339746480014254081,310072711,76.04962995211145,False
1370069387974119426,43815496,1052.0539499036609,False
1366121589478154243,77596200,194130.112,False
1359370632350208003,43815496,58263.74970180751,False
1358529006967033856,43815496,38450.06697862189,False
1359319030587293696,43815496,576.1247820901,False
1331282297014743042,517077573,689214.0461924662,False
1369832253816246274,77596200,289742.848,False
1366380504736534529,77596200,55729.024,False
1336435104172765184,26389359,1461.1499999999999,False
1344852533122981888,517077573,2818743.031497479,False
1349749578095075328,35999306,1693.98347107438,False
1361511252103729153,214201922,15721.652278369505,False
1361857937518465025,19604744,99.27520849128128,False
1361586402484514816,214201922,899.4660046448306,False
1361853779025403905,19604744,260.59742228961335,False
1365037827298238464,234270825,16.99999969409768,False
1301164188136431616,517077573,1863147.9722356088,False
1366910062711685124,24008967,29.98652410600183,False
1365109273240473600,214201922,319335.76871946827,False
1366197120064192513,24008967,29.98652410600183,False
1334873913210380298,3339261074,150.3985179128653,False
1360286991011639302,43815496,37723.648775116984,False
1354807067232489475,3339261074,21.43240823634736,False
1367532398825648130,58560480,541.8728323699422,False
1356255352145272832,3339261074,10.71620411817368,False
1326033569555181568,772493970,133.15789472327745,False
1365812811721543685,24008967,59.97304821200366,False
1365784358217523201,24008967,0.0,False
1365811680815554560,24008967,89.95957231800548,False
1334130051554668547,58560480,34.68445156988749,False
1285952748484083712,14464766,8008.0,False
1354081977062850561,29758446,159536.77850021675,False
1362949278365143050,155705264,1925.8616918459736,False
1365346314956005378,15234657,13392.947368421052,False
1336808991792525325,821102114,162539.70090537248,False
1337102429532217345,612782611,821.625,False
1357343495132880897,29758446,213660.47507585608,False
1327673915829866501,252882791,28369.403482210448,False
1369324832702296067,816653,181.09714285714284,False
1363172378843389952,331908924,380.012285012285,False
1358898413136396288,331908924,50270.196560196564,False
1337104278398382087,821102114,315409.90119031206,False
1362902698585071617,331908924,81.43120393120394,False
1360653537781321732,43815496,68959.63152582805,False
1331266330176196608,14464766,6968.5,False
1330905143416659975,21001379,14877.0,False
1362920758872133634,155705264,1660.2255964189428,False
1365788765957083149,18645813,10013.687099725525,False
1354353736580124673,155705264,3519.6782644081586,False
1258809129218564098,202222127,3086.5236593059935,False
1303727847966674944,38633321,708.180894308943,False
1301536924067393537,14464766,6391.0,False
1351560050725294082,14464766,5005.0,False
1355549351603531783,21001379,7094.125,False
1318667750408036352,72915722,8575.967346938776,False
1364664823984779267,47786101,229813.3296995846,False
1317810926133874689,27042513,38013.54292182097,False
1359941706951524353,43815496,15555.369116432701,False
1349743109832372225,35999306,1188.5206611570247,False
1368297763524448256,77596200,204065.984,False
1283518830950510593,72915722,4197.6629986394555,False
1367629682439454722,19263978,1410.8357075023741,False
1346230432036233218,65468720,863.5714285714286,False
1367491019277799427,19583545,284225.14690560533,False
1368144516558041088,3001704118,2138.255421686747,False
1369378396216692740,1638021792,10199.532319391636,False
1333807391079428096,140845817,4937.979381443299,False
1369400158912475136,1638021792,52652.84885931559,False
1367269369521266691,16727749,320.9756097560976,False
1367300479739441155,16201775,87772.83893125328,False
1367625056570990592,11026952,3492.6166902404525,False
1352019602151100416,232010910,14305.822784810125,False
1346143996431646720,310463188,41917.35145631068,False
1271896411257241600,310463188,30272.714563106798,False
1317201419384975365,140845817,1256.940206185567,False
1326554237053054977,19798578,4154.555395683454,False
1275840045761441792,310463188,11043.19223300971,False
1316239353505480704,140845817,6643.826804123711,False
1173620799997186051,115093611,2472.7787021630616,False
1318907390922788866,232010910,5953.7468354430375,False
1368447074019270656,6446742,37679.60072297075,False
1368245651046207493,20346956,114344.26658905704,False
1319402828285108225,140845817,1167.1587628865977,False
1367113993815547906,34613288,788006.3993624346,False
1366499073671454725,452155423,3511.21811556481,False
1368580185642110982,34613288,52676.370629370635,False
1368933410085945345,19263978,3627.8632478632476,False
1319343716801236992,140845817,68682.80412371134,False
1367170047081402380,16727749,13.101045296167248,False
1345510484213075968,65468720,232.5,False
1368584215403655171,20265254,114.27127659574468,False
1368561200754270210,19583545,1947852.5859554075,False
1326736922199257089,140845817,5766.503075166597,False
1367649223601238016,16212685,54.30895838231836,False
1367531774012751878,16201775,2109.505791955294,False
1366232555037462531,20346956,634307.7808498254,False
1354993740562137089,155705264,2523.5429065567932,False
1358414579328561153,18776605,8342.700421940928,False
1316030943174422528,14464766,10395.0,False
1367507656269791241,21001379,6853.0625,False
1367474157626290181,18776605,10972.911392405063,False
1365629350721249281,18776605,17589.535864978905,False
1362674074732748803,155705264,464.863166997304,False
1316722494255099904,38633321,572.9827235772357,False
1369000930809581570,17019152,2470.566371681416,False
1366841911357620225,17019152,3959.044247787611,False
1336739324658929667,14464766,1848.0,False
1357403552470212608,18776605,8548.185654008439,False
1334527822971490308,14464766,10202.5,False
1063403538636816385,202222127,0.0,False
1320374052847013893,38633321,6744.924499964025,False
1330058761323614209,21001379,4924.5625,False
1358772405536194562,35727881,1948.80198019802,False
1350151000267632641,18645813,4172.369624885636,False
1364970509700595717,21001379,9125.9375,False
1366743775192752129,35727881,10149.465346534653,False
1344784297316786177,23976386,4001.293497363796,False
1363561378552958976,1232061287301074945,5131.056806002144,False
1365319660405678081,273181052,409.69626168224295,False
1331689113494446085,1060978099146260480,1624989.015284899,False
1368640454028386304,65184105,58097.719869706845,False
1368245620344029188,1232061287301074945,715.9614147909969,False
1333425556659064833,1060978099146260480,2501855.9799103546,False
1188118588290469890,180463340,858630.5322692615,False
1327053570794008577,1205974434,133348.45765000963,False
1330556651716243456,1060978099146260480,784238.9071942215,False
1339195127986794498,1038082275689340928,3206.0331803741615,False
1340325978170646535,1060978099146260480,3065530.5020476608,False
1337819421973344256,715177919438577664,135641.0489811912,False
1359592867380031494,273181052,32529.88317757009,False
1362475666504040451,273181052,81.93925233644859,False
1354527098354819077,273181052,76736.1098130841,False
1339377333728391169,1038082275689340928,2074.4920578891633,False
1366528818454822914,1060978099146260480,1204793.647092967,False
1362127981234188288,30599331,5.264241117657115,False
1358569998885785609,2559865245,13035.676619521564,False
1369038985188831234,19407053,1742.5714285714257,False
1368923387532369922,19407053,3760.2857142857083,False
1329983375621435392,9676212,134.7510646581607,False
1354908861572935681,53372965,146.3347528775476,False
1328394654375698433,9676212,0.0,False
1366588589191147526,36184220,3562.2483221476514,False
1369207595785977860,20562637,441.2195121951219,False
1369559628183445504,16973333,2233.1818181818185,False
1369617901678964736,16973333,5254.545454545455,False
1369425009303822344,759251,84230.40598832785,False
1369266567423397891,1367531,148575.90725806452,False
1369596898127077379,14293310,18579.647058823528,False
1369469059427893249,759251,53255.35346358793,False
1369424518092120064,5988062,7283.972093023256,False
1369569992732250114,16973333,4991.818181818182,False
1369189230489001991,14293310,73353.41176470587,False
1368697794417065992,1367531,366847.8215267944,False
1369326799709212680,2735591,1309.71428286333,False
1369315042236174343,2735591,327.4285707158325,False
1369395335769038849,14800270,68.78048780487805,False
1369015794248671233,19407053,2201.1428571428537,False
1368788336333176833,1344951,20169.358695652172,False
1363915655720939521,14434070,126.25,False
1368096530268323842,25562270,443.87096774193543,False
1369633104269357056,15808647,14468.648648648648,False
1359371849965199360,1124816718,0.0,False
1366925854421495812,14434070,176.75,False
1368604247760244742,558797310,42121.06439854192,False
1359943267148845058,1232061287301074945,566.8027867095392,False
1364970371716423682,14434070,126.25,False
1369112711032881153,3001704118,2569.6578313253012,False
1364622367499157504,14434070,25.25,False
1368272500086476805,3001704118,3788.8385542168676,False
1369573389845880832,14885549,142.75862068965463,False
1368950916024532995,96951800,341607.1939382314,False
1369193501875970048,1344951,1266.5217391304348,False
1369415901964034052,1638021792,24022.582699619776,False
1369146187358539781,816653,2268.4799999999996,False
1366181019829686277,7905122,268.4347826084146,False
1368276753244913665,773069256,2140.251012145749,False
1368777274506571779,65184105,484.14766558089036,False
1361046993158692866,1232061287301074945,31084.65809217578,False
1362196066431627265,1232061287301074945,34395.97963558414,False
1364697022847209478,1232061287301074945,6413.82100750268,False
1368760443498532864,65184105,2383.496199782845,False
1367497561645457427,19583545,148636.60262554698,False
1367496989215248388,273181052,6596.109813084111,False
1367323565008154630,82652901,5291.609042553192,False
1367556352445321216,18256664,3910.749579831933,False
1362475510954156037,273181052,122.90887850467288,False
1365407006253801474,1232061287301074945,1223.100750267953,False
1217122703766970369,180463340,1188377.2755601194,False
1367282096289443840,1060978099146260480,857820.2641643288,False
1368978816849211392,26585095,324.5049504950495,False
1272339338995445760,2412917082,2378.8055944055945,False
1204781519052652546,180463340,2021021.2816968306,False
1338181816478539777,715177919438577664,715876.6276309896,False
1366565826913062914,18256664,21420.242016806722,False
1367222811727564800,26585095,2660.940594059406,False
1369040595310682112,17220817,65.64571428571429,False
1366217334658977797,17602896,21517.331495520328,False
1300100975793901569,203162990,4912.956120092379,False
1339526270288322561,1038082275689340928,1885.9018708083304,False
1340651032817315842,1038082275689340928,3771.803741616661,False
1368614821147598851,43192807,956085.2545568824,False
1369043306487767040,17220817,65.64571428571429,False
1367120318012280838,17602896,5310.806340454858,False
1361812978425753600,15635604,2860.1708394698085,False
1369015063705612288,16573941,66069.71733333333,False
1366209913865703426,43192807,655625.1539912005,False
1366234614650478594,17602896,10964.245348035836,False
1367128088832745476,82652901,102268.44414893618,False
1369339704588570624,43192807,933798.051539912,False
1369567942690635778,28785486,56285.49458943348,False
1369483561938649089,14293310,17373.176470588234,False
1369396362840858635,15012486,51534.545454545456,False
1369505213904748554,87818409,5164.829090909091,False
1369259204725387266,5988062,5665.311627906977,False
1369437537907978245,87818409,893.9127272727274,False
1369103243960258562,1367531,28661.451612903227,False
1369410355215142917,14173315,33374.35008665511,False
1369402883704229892,28785486,255279.0935709739,False
1369538412961730562,15012486,8247.272727272728,False
1368641210533830657,17220817,28293.30285714286,False
1369034842222985216,17220817,229.76000000000002,False
1369017812165881859,16573941,10885.952,False
1367604109113655297,16573941,1225.2586666666666,False
1367930915733835777,43192807,25266.775612822123,False
1367912923641737216,15635604,3762.0265095729014,False
1321088619814109184,22720074,101.20846297448662,False
1350173131823083520,2836755090,106738.98050974513,False
1261222316803063810,2485505982,1009.4910591471803,False
1354864255749804039,15155074,45120.56888888889,False
1311068940152401920,55010030,54281.09118448955,False
1331670759102681088,95955871,596764.7166504381,False
1344346181976129538,95955871,438706.7185978578,False
1192092402061889536,89366493,12080.988593155893,False
1360962032598720516,18847632,220709.02880354505,False
1325995532259561473,95955871,956751.3846153846,False
1322232908141113344,22720074,35532.60454262601,False
1367852411017031682,337789021,41089.14246823956,False
1326932771240095749,337789021,15275.825771324864,False
1307054698931912706,95955871,772865.3008763388,False
1349391558269923330,2836755090,105404.04797601199,False
1354509947288088576,15155074,28366.24,False
1319019864212713472,55010030,36536.30839139655,False
1335651231759552514,15155074,354660.9422222222,False
1303724853120217088,337789021,88826.09800362976,False
1359900546635870215,29758446,156275.3792804508,False
1355530037152284675,236956880,11146.012821942246,False
1362099968824254464,252882791,94564.67827403483,False
1366478355558780939,331908924,8468.84520884521,False
1363203331745673220,331908924,2687.22972972973,False
1369122357307191296,1344951,2058.0978260869565,False
1357647227808841728,821102114,9180500.160485316,False
1369308139158446081,24742040,121040.95872170439,False
1319639717906821121,113696373,172982.1754385965,False
1326957720759541761,612782611,845.9094827586207,False
1346517996760666117,29758446,7105.191157347204,False
1369307525489844228,24742040,13091.309365290723,False
1368970607216517129,15066760,1048.5245901639346,False
1370125729199980545,28785486,71797.24506683642,False
1369600442322333699,759251,117922.56838365899,False
1369043756486377472,1367531,96521.65322580645,False
1369563665867898882,16973333,1445.0,False
1369569728541425667,14173315,5149.185441941074,False
1369560664142970881,14173315,6102.738301559792,False
1369377505224884227,807095,190627.719237435,False
1369547930550611968,5988062,10521.293023255814,False
1369571000212463617,16973333,4335.0,False
968452175142649858,42703075,1248.5,False
1364571918876073985,7905122,268.4347826084146,False
1368999602867802126,14885549,333.10344827586084,False
1358024709137432577,314792669,66686.16963942,False
970787289638096897,42703075,794.5,False
1339559388303007744,314792669,64678.49865263698,False
1362748296045953027,621583,2176.6216216216217,False
1348680358619992071,19110632,2689.4999999659913,False
1359141009272184832,21887420,69.99990920014048,False
1369296706836250624,816653,285.9428571428571,False
1369636752336490497,25562270,177.54838709677418,False
1367541147787223041,53372965,36.5836882193869,False
1368758876015910915,15066760,309.1803278688525,False
1369030449398509568,14434070,202.0,False
1329540885055356928,55010030,54729.6952438655,False
1360897085856313349,7905122,566.6956521733197,False
1349449506136330241,18847632,45774.70457902511,False
1370132866093420544,28785486,45205.67281985997,False
1369528722538328068,759251,97272.53336716571,False
1369370948634312710,15012486,5629.09090909091,False
1370035059495993348,28785486,2620599.444939529,False
1368269027596976129,1367531,290407.9435483871,False
1369400099223207936,28785486,218136.37138118857,False
1369975631744802817,28785486,54512.72310630172,False
1369608851306278914,15012486,2792.727272727273,False
1369571760140615684,28785486,72240.43793761935,False
1369303761097785344,759251,149441.04288251715,False
1369455485615759360,14173315,12300.831889081455,False
1323671285285703683,95955871,1389649.8734177214,False
1334641065870159874,15155074,29112.72,False
1343640147775152131,19373710,579402.838879775,False
1355168831413645316,337789021,13083.461887477313,False
1246491727306899456,297047872,93695.70963806426,False
1329849237299990529,18847632,44971.63958641063,False
1340027052037169152,15155074,23721.475555555557,False
1331650428115759105,314792669,146953.64301296035,False
1339289131575341057,95955871,987028.3271665043,False
1311335003599433733,337789021,22418.688747731398,False
1333791058765901825,19373710,311570.9451605343,False
1329469491961503747,337789021,21004.260435571687,False
1332672152995291138,314792669,338666.5392018478,False
1329848482446905349,18847632,41157.080871491875,False
1313864060669026304,22720074,269.889234598631,False
1366441855416627200,15155074,106663.69777777778,False
1306669595525226500,55010030,77309.43289912149,False
1355246647446544384,337789021,34158.443738656984,False
1361498566024302597,55010030,101882.96637382612,False
1358793588382052358,34097876,777.4545454545454,False
1369148165471969284,6527972,214.28571428354783,False
1250919345955446784,600435408,447405.6316740595,False
1367565531189047299,43192807,94631.2256442489,False
1367244848978227201,18256664,2014.6285714285716,False
1367565667642331136,23375688,694852.2474114144,False
1341859235756453889,600435408,137292.5013964186,False
1366184948244176899,225540697,100951.06813706183,False
1331046811704958985,600435408,197309.38196155743,False
1245049389250273280,5391882,1195.2972972972975,False
1250915381646176262,600435408,43185.721701987844,False
1368855703612448768,156516240,50.65355329949239,False
1366212322436423682,225540697,248.03702244978336,False
1120471100532625410,90963591,5.264241117657115,False
1261295911185068033,34097876,1554.9090909090908,False
1368840460198838272,6527972,71.42857142784928,False
1248277743118086144,5391882,183.89189189189193,False
1248251408333172738,5391882,122.59459459459461,False
1369169111478005763,6527972,35.71428571392464,False
1367947939579006979,156516240,1654.6827411167515,False
1367946026674352134,156516240,270.1522842639594,False
1369037334885265408,18256664,444.4033613445378,False
1366239727402196996,17602896,11101.298414886283,False
1360680119854104582,43192807,757884.0854808297,False
1362129662336450560,43192807,109767.45443117536,False
1366102978739007492,17602896,18981.84975878704,False
1366242438717661187,26585095,1557.6237623762377,False
1369605185455017984,15808647,14106.932432432432,False
1329121235423297537,238475531,63546.39908256881,False
968536670105726977,42703075,908.0,False
1367214933423706113,18256664,444.4033613445378,False
1368741071870562307,18256664,2844.063320221706,False
1363171557250596864,15635604,2602.4977908689248,False
1290776688284954625,108361327,39827.41992882562,False
1139203333607043073,89366493,6289.3536121673005,False
1369307789932265473,14434070,2424.0,False
1322524023117533184,2485505982,4106.9050894085285,False
1367565062328623104,82652901,3401.7486702127662,False
1360224092427812866,621583,7618.175675675675,False
1307034079381065732,75974281,29115.3306058835,False
1356766464162762754,252882791,72440.11203633611,False
1362196930252726277,621583,2249.1756756756754,False
1362196257624625152,15234657,25262.526315789473,False
1369037449431715843,47786101,1023605.4463773437,False
1322130577684942848,2439032786,49.61797752808989,False
978748491936780289,48410093,95527.1533791987,False
970013213092757504,42703075,2572.666666666667,False
1364590913369083904,113696373,163453.29639889198,False
976286019904401408,42703075,681.0,False
1369304506064908290,25562270,0.0,False
1369463119479734274,15808647,17724.094594594593,False
1369649450688409604,816653,247.8171428571428,False
1364961278729551872,14434070,75.75,False
1365459905717678084,621583,2321.7297297297296,False
973719108515717120,42703075,567.5,False
1369075112432046081,1344951,348.29347826086956,False
1362439231080169474,1124816718,65.59399415029016,False
1283912982200631298,72915722,31364.914285714287,False
1303840025000509448,27042513,77656.74378810024,False
1369320575945019399,816653,305.00571428571425,False
978970964762513409,42703075,4577.833333333334,False
1362748149853396993,7905122,328.0869565213956,False
976304255685423104,42703075,2307.8333333333335,False
1367133454241046531,368276033,283738.07374793617,False
1367444872903462913,1124816718,0.0,False
1369169336326316036,1344951,16211.478260869564,False
1369357633283620870,10933912,18.52848223531423,False
1369368976128679940,816653,276.41142857142853,False
1369148225433788417,29945848,10.52848223531423,False
1369533603194040320,10933912,9.264241117657114,False
1368911960478257153,25562270,355.09677419354836,False
1367113449394765824,34992644,109.99999999924174,False
1368978600964349955,19407053,2201.1428571428537,False
1364311211194675203,1124816718,262.37597660116063,False
1369547940017147907,87818409,105581.02545454545,False
1369356888568197133,15012486,4494.545454545455,False
1369362400403726350,5988062,6879.306976744187,False
1369605923732393985,16973333,1970.4545454545455,False
1369566623913369603,14293310,41985.17647058823,False
1369450685708857348,28785486,79774.71674092935,False
1369269245704630276,1367531,24235.78629032258,False
1369321348783345674,5988062,23065.91162790698,False
1369366150237351943,759251,214923.39076376558,False
1369617111014924289,16973333,1182.2727272727275,False
1370098415938498560,28785486,620026.8262253342,False
1369500754000699392,28785486,207056.54961161505,False
1367190653269073930,25562270,177.54838709677418,False
1368607437310353408,1754641,10.467947631944716,False
1369585318521802763,87818409,2880.3854545454546,False
1369536457992470528,87818409,25128.88,False
1370017497710215170,28785486,256165.4793125398,False
1370057097107345411,28785486,129412.31826861872,False
1369968831666487296,28785486,91740.92425206875,False
1369475595466375169,28785486,50080.79439847231,False
1369404129643216897,15012486,29716.36363636364,False
1369460521846575104,14173315,43482.010398613515,False
1369270015699136512,5988062,27787.00465116279,False
1340976808989241344,1038082275689340928,447335.923755736,False
1367617268734164992,621583,870.6486486486485,False
1368776591388647424,65184105,1340.7166123778502,False
1352326523026632706,19110632,0.0,False
1273723492186443782,2412917082,8882.153146853147,False
1368939573586386945,65184105,75191.85667752444,False
1368954564133654529,1344951,63.326086956521735,False
1366296962409123843,715177919438577664,2566107.191950291,False
1332444252895404033,1205974434,165353.03929513152,False
1365315694167011328,273181052,58422.68691588785,False
1322493521245298689,1288485038,2420927.946952308,False
1285629613067038720,2412917082,9898.9006993007,False
1189249540412624898,180463340,1336321.9667563878,False
1152351180225335296,180463340,2104022.646091637,False
1272336376927666176,2412917082,153.47132867132868,False
1330209367002472448,1060978099146260480,1155829.252039599,False
1362483585169686531,1232061287301074945,216459.0010718114,False
1337396723610771457,1060978099146260480,1355190.7063945052,False
1287306318961872896,1288485038,618084.3091048202,False
1151605021345083392,180463340,744286.8616179085,False
1265629710941388800,180463340,193599.7291566898,False
1357381035852521474,273181052,3277.5700934579436,False
1362484293650567168,1232061287301074945,2088.2207931404073,False
1368744769686540290,65184105,148.9685124864278,False
1350201158426648581,252882791,144567.98221044664,False
1357735941637603331,95955871,1574277.4333008763,False
1367610810789326850,10671602,330742.69031907903,False
1317087904569741312,203162990,11208.452655889147,False
1362913607105736706,331908924,5455.890663390664,False
1359943678354092032,15234657,190.42105263157896,False
1254427280794845185,297047872,84649.22732818218,False
1338550048892710913,612782611,5366.870689655173,False
1055619307084800000,27195114,58109.64537844641,False
1306401710386982912,96829836,2938.9244444444444,False
1334214244632580097,18847632,184370.33788774002,False
1327711653828337665,6207392,18718.676138926476,False
1359973359568625670,15234657,317.36842105263156,False
1146224584443727872,19028953,1797651.5291190238,False
1363914797335543811,15234657,7680.315789473684,False
1307801712107966476,6207392,40803.786648624264,False
1357452896976179201,52484614,85.58490566037736,False
1272338362909655040,2412917082,153.47132867132868,False
1326902644322017281,715177919438577664,732726.447380206,False
1329150877941305345,715177919438577664,40078.49983206449,False
1364320994337427461,1232061287301074945,1342.4276527331192,False
1351923223638794246,1288485038,5605762.750318796,False
1365407295384018947,1232061287301074945,1073.9421221864952,False
1356264437729124353,1060978099146260480,2107715.0604624166,False
1367114880378146824,1288485038,1724459.131854119,False
1152354497189965824,180463340,633164.1394356076,False
1328065268942336000,1205974434,107173.70686217763,False
1354545532044075013,811377,155125.5606936416,False
1364321423901085698,180505807,19.981684361111267,False
1368984433026596867,13058772,54.661661791908465,False
1368619226865471493,24016767,167.99984110024582,False
1369214396489170946,24016767,369.5996504205408,False
1368849083201359873,24016767,0.0,False
1358819633629921283,9676212,269.5021293163214,False
1368999972792844292,24016767,268.7997457603933,False
1367625947462184961,36184220,20844.241610738256,False
1361209516277174279,21887420,111.99985472022476,False
1369036451845869573,53372965,0.0,False
1352922753565863936,19110632,1165.4499999852628,False
1363322581076619265,36184220,4295.053691275168,False
1369521918412472320,16211434,337.5,False
1329140321402445824,9676212,134.7510646581607,False
1369181189932777474,15066760,188.19672131147544,False
1369499281833537540,16211434,129.375,False
425668533293289472,2176998871,1362.0799242132878,False
1359863795586396168,27042513,147153.3887383694,False
1356685006916079616,47786101,2640481.0065866476,False
1287526789707776000,47786101,719207.6851155985,False
1291859496826843137,72915722,38350.95510204082,False
1258788139159613441,47786101,1475419.191242283,False
1252286536738934786,50374439,13103.304485488128,False
754011760257069056,2176998871,5294.164989939637,False
1364897061083127808,21887420,167.99978208033713,False
1369414843720208384,17602896,36730.22191592005,False
1366870970351427588,36184220,1872.7248322147652,False
1369135857110638592,985916593065476096,103785.0,False
421376352319983617,2176998871,699.3963782696177,False
1368487216775893000,15066760,752.7868852459018,False
1368772235683586050,24016767,33.59996822004916,False
1364908035932569600,36184220,5088.926174496644,False
1364156801109938178,53372965,146.3347528775476,False
423131090803777536,2176998871,1478.470824949698,False
1369575294806425603,24016767,167.99984110024582,False
1337411829853802496,2836755090,155630.88455772115,False
1329846979401191424,18847632,46443.92540620384,False
1351182747721748487,15155074,326792.35555555555,False
1331202835334225920,314792669,39287.36558449891,False
1355908706026758144,337789021,71428.62976406534,False
1360611979879186438,314792669,65820.1154882587,False
1324782095177306119,95955871,733937.8033106134,False
1357369869222690817,15155074,24965.60888888889,False
1323342666361430019,95955871,1144592.0077896786,False
1311355905120690176,55010030,53334.03817025144,False
1363945864633401344,337789021,19801.996370235935,False
1337106387751620613,15155074,36577.520000000004,False
1319756701126459398,19373710,134381.25591750644,False
1336775151128518656,55010030,55826.282944562256,False
1341428444190617600,18847632,79637.27843426882,False
1359946667429093378,15155074,56732.48,False
1354759783157534720,314792669,89479.14025407417,False
1341514552819724288,95955871,745801.4216163583,False
1320019327425286144,19373710,1997664.8473166157,False
1346507839909445632,34507480,16195853.871192755,False
1340930237819924480,34507480,29024478.576243024,False
1363671397575266308,21447363,68493.73134328358,False
1352028901229395970,18228898,65712.01941022769,False
1365020984802217996,17602896,4694.067539627842,False
1355577264512008192,18228898,2181.2467338559163,False
1357714688994390016,25365536,47701.63447792981,False
1367890477849210881,23375688,350391.85574952874,False
1366222136591872000,21447363,96952.98081023454,False
1357382231816359939,25365536,1035375.6214079413,False
1356407112385982464,34507480,60251873.32543021,False
1367295825731227650,21447363,837726.2174840085,False
1360941923746349059,1038082275689340928,702875.6272502647,False
1367236110196244482,15635604,7833.260677466863,False
1342918732486594560,17919972,86585942.5627306,False
1339201502443941888,1038082275689340928,21310.69114013413,False
1367522051762757632,14230524,6419388.7864879295,False
1316771044049391617,14230524,20138756.365289513,False
1291753980247375873,1288485038,2319282.2035195106,False
1366605872718245891,82652901,0.0,False
1366205703392665603,21447363,48549.35607675906,False
1350629002302550016,14230524,3387883.957819944,False
1369312286674878465,82652901,5021.628989361702,False
1368740848913973255,21447363,45905.37313432836,False
1366833538985721860,82652901,3401.7486702127662,False
1368999845856436224,25365536,322740.80542346183,False
1365710371206488066,985916593065476096,212454.0,False
1361140001791037440,21447363,102261.76545842217,False
1364711711891206151,43192807,1806932.0050282842,False
1369148238138208257,6527972,285.7142857113971,False
1368116399097344003,6527972,0.0,False
1326177511684919300,600435408,21184.71496632167,False
1368453072666521600,225540697,4325.933832217408,False
1342687407326580737,600435408,484993.92410054215,False
1313580109727584256,5391882,0.0,False
1369101047826841604,6527972,785.714285706342,False
1369418368554569728,225540697,117.71248523040566,False
1363947240369229825,156516240,3604.8445431472082,False
1361692398867402752,34097876,2267.5757575757575,False
1242185573193768960,5391882,275.83783783783787,False
1350632339206901761,37570179,12.344262295081968,False
1369104826869506049,6527972,178.5714285696232,False
1325114525104758784,5391882,245.18918918918922,False
1356256641814065162,34097876,4227.40909090909,False
1367351364477624321,156516240,14377.16687817259,False
1316378741061320711,34097876,7045.681818181817,False
1283200387101712384,600435408,82717.56596024314,False
1364632186884939780,1305941,147.99999999999966,False
1368080635655450627,6527972,142.85714285569856,False
1367949455262060544,37570179,613.0983606557378,False
1288988861092245505,600435408,165746.1002135699,False
1336324934688116743,34507480,20931912.025037624,False
1332420899471990786,14230524,4990536.701676212,False
1369041862414241800,14293310,17855.764705882353,False
1253009440107720704,47786101,877688.6134762352,False
1369546496165765121,28785486,615151.7046467218,False
1369102305748992003,14293310,52843.41176470588,False
1369609984468783107,14173315,15195.368862430127,False
1369457998523949060,14173315,12300.831889081455,False
1369434342053806090,759251,122541.65516366407,False
1369449199343960065,807095,33069.29636048526,False
1369377939381497859,14293310,48500.11764705882,False
1370028580516732943,28785486,214062.1565881604,False
1369332550347407367,14293310,37641.882352941175,False
1369398802537476096,15012486,19156.36363636364,False
1368217898095964166,75974281,29847.072667056305,False
1291862297665626112,72915722,30510.365715410906,False
1327398719789150214,27042513,16757.134950625645,False
1317811466339221509,27042513,5255.056415101066,False
1338619251050115072,516464106,3370.05553860238,False
1365659227256098816,68674747,32162.636035105836,False
1361708535294255106,68674747,2497.497676819825,False
1184016623394590721,93819292,52961.48660328436,False
1310595678226219015,262230432,39302.113641864096,False
1367430380463267844,556260847,93642.06236734694,False
1344344721506885641,537951506,40617.09463641052,False
1345706642080493568,353786894,47938.673885453514,False
1327627598726377475,556260847,133874.02971428572,False
1228653223269076992,214413743,8704.80047029389,False
1358213026541834240,90057442,213.79506641366223,False
1264644362731913216,115093611,8218.352745424292,False
1269780932891774976,23119425,226.32124352331607,False
1366899538502426633,56518880,3618.2678827165146,False
1335107635767439361,56518880,192.36360895454888,False
1359267423346716677,19798578,1128.0172661870504,False
1330308453508800527,232010910,1767.1898734177214,False
1174371887159242752,23119425,840.6217616580311,False
1179754999171047425,23119425,177.8238341968912,False
1353755766625234944,140845817,6554.045360824742,False
1242106541999783936,93819292,92.29213483146067,False
1327954760251662337,213969309,137970.20108522184,False
1362360519626227713,556260847,587.075918367347,False
1308393354120421376,318967677,24.999999999897376,False
1241401189721350145,93819292,3301.218668971478,False
1351283213403095045,213969309,45608.77182982992,False
1328417466272321537,213969309,82195.51265332178,False
1340409077751566338,353786894,9077.627521399832,False
1167050866521780224,93819292,38897.58513396716,False
1350843455128399879,556260847,1588.5583673469387,False
1334044250942676993,353786894,156915.02435901156,False
1234157609395146753,214413743,311.0337972166998,False
1367971795790397440,68674747,22980.187403200827,False
1369482917248970754,28785486,234977.70047094036,False
1369619151506071561,16973333,1050.909090909091,False
1369483145129713665,15012486,11738.18181818182,False
1369432600448745472,87818409,3873.6218181818185,False
1369593103208886276,5988062,21312.362790697676,False
1369121138861891587,14293310,24612.0,False
1369440894961786880,1367531,138038.60887096776,False
1368340015001042945,1367531,487876.91532258067,False
1369551925285449729,87818409,15494.487272727274,False
1369596392834932746,16973333,1576.3636363636365,False
1369332242410049546,5988062,2697.767441860465,False
1369106243755900928,14293310,15201.529411764704,False
1369498268011552768,807095,81475.07798960138,False
1367557867260289032,19583545,153896.28505938736,False
1368577180557406208,22910295,265895.925500115,False
1368116641360384005,452155423,138061.09630400833,False
1367500677002452992,3001704118,2396.2833270431124,False
1369359775230812163,67358777,23.999999049681463,False
1369411191316025345,14800270,1901.2891986062718,False
1369276490832023555,2735591,3437.9999925162415,False
1369397637267488772,20562637,92.1951219512195,False
1369347272975282184,15110357,56.24924520908722,False
1369391021642158086,624413,39.84615384614657,False
1369559064485715968,14293310,26301.05882352941,False
1344756801242357768,74177227,308.11764692731964,False
1369453000570310660,807095,89862.21837088387,False
1253046974389067776,275575393,299.58064516129036,False
1299377724415500293,74177227,256.7647057727664,False
956689717608595456,46467162,10.038240917782026,False
1367487878259957765,101871654,3206.5851063829787,False
1054037653379670016,46467162,25095.602294455068,False
1349071385360887808,63525135,49207.94152046784,False
1334986629560344579,155320577,1531.285500747384,False
1369321844449361921,5988062,11735.288372093024,False
1369294887481450502,14293310,27507.529411764706,False
1369460712054153219,14173315,2956.013864818024,False
1369456184554569731,28785486,3544656.5805219607,False
1369592804683419651,87818409,3476.327272727273,False
1369528480627650560,807095,59908.14558058925,False
1369489233153515523,28785486,68251.70210057289,False
1369570003729649671,759251,122269.94417660494,False
1369570221162459143,87818409,4171.592727272728,False
1322257618178609153,63525135,113298.83625730993,False
1369297616245231638,101871654,59.93617021276596,False
1369054744786989056,101871654,89.90425531914894,False
1368610152081985537,101871654,14.98404255319149,False
1322257265496334336,63525135,3164.9824561403507,False
1294355303329341442,74177227,154.05882346365982,False
1325738196374876161,63525135,36548.01169590643,False
1299756201509613568,46467162,0.0,False
1363181398908141579,155320577,46.26905829596413,False
1368271872002035713,101871654,59.93617021276596,False
1368177229285502976,101871654,29.96808510638298,False
1368300490895818755,101871654,299.6808510638298,False
1347166067995660290,23695888,11.981684361111267,False
1369367452661014538,101871654,194.79255319148936,False
1368494502336475136,101871654,44.95212765957447,False
1325498916847153153,63525135,90503.42690058479,False
1357749874645749765,140845817,6913.171134020618,False
1366842371724476422,134209832,196.7058823529412,False
1320101239363809280,65468720,1295.357142857143,False
1310279026741841922,368815525,4365.090694378838,False
1301614505823141888,310463188,13833.227184466019,False
1187825368067117057,19798578,4703.153956834532,False
1306044998408904704,232010910,2082.759493670886,False
1259322582949679104,65468720,2125.714285714286,False
1368669282452840452,6446742,7615.0180742688135,False
1334926517722378242,232010910,988.7848101265822,False
1316050559518949376,140845817,2154.7546391752576,False
1271193376147177472,310463188,7785.3669902912625,False
1183046883347841024,23119425,452.64248704663214,False
1273665566763433984,310463188,7183.922330097087,False
1368483092252401666,56518880,68082.97731212784,False
1184552999428866048,23119425,1083.1088082901556,False
1369621841204088832,28785486,84649.8383195417,False
1369614780676399108,87818409,2185.12,False
1368939918727278599,3001704118,1613.0698795180724,False
1342500356316667904,1060978099146260480,438253.79645932093,False
1369597995499593729,16973333,2627.2727272727275,False
1369430517381267460,87818409,72903.54909090909,False
1293138169832103936,1288485038,1556939.1277735273,False
1344946472618344448,1288485038,2753426.8115276718,False
1367214902624980995,16573941,216022.528,False
1366768521854656512,82652901,5237.613031914894,False
1315366562069700616,203162990,5406.720554272518,False
1368747076528578560,65184105,893.8110749185669,False
1327280720084164608,1288485038,1617731.1012496813,False
1367197078829506565,16573941,104806.74133333332,False
1330194382914514949,1205974434,215192.14431796255,False
1368751184434040836,65184105,20408.68621064061,False
1366830686498217984,18256664,10695.30756302521,False
1369056709117808640,17220817,32.822857142857146,False
1328413175620964353,715177919438577664,1347504.156515898,False
1368652673935933450,985916593065476096,118272.0,False
1369040473008996353,17220817,65.64571428571429,False
1369025685893738496,18256664,460.3220687416598,False
1305204600228573184,203162990,9035.889145496538,False
1368239051979943936,18256664,1362.836974789916,False
1366247302843621377,26585095,23104.752475247526,False
1368561876972494852,17602896,45775.72432804961,False
1366458502986694658,26585095,8566.930693069307,False
1367212776641359872,82652901,53.996010638297875,False
1361767244125110275,43192807,765750.1571338781,False
1365708399791505416,43192807,540494.4688874921,False
1366209721124839425,17602896,116358.0537560303,False
1367243228701892609,15635604,773.019145802651,False
1369459006129930241,26585095,1233.118811881188,False
1366827740175896578,18256664,1510.9714285714285,False
1369050447797907460,17220817,65.64571428571429,False
1368976123896336389,18256664,2281.2705882352943,False
1273919207038693376,1288485038,1943974.8431522571,False
1368970511175151620,18256664,6754.931092436975,False
1368971556320206848,16573941,6738.922666666666,False
1367212796631416832,82652901,53.996010638297875,False
1362454325876969478,43192807,592458.2149591452,False
1366425498226593793,82652901,7127.473404255319,False
1277164459446931456,1288485038,779740.1356796736,False
1367532286359445510,43192807,323343.2181018228,False
1326615477037142016,203162990,12270.046189376446,False
1367548427370786816,26585095,26739.20792079208,False
1367837304509915140,82652901,7657.8685030395145,False
1367479945686093825,19263978,6534.396961063628,False
1367225773166190592,19077044,727.7845220030348,False
1368607626494308354,16727749,524.0418118466899,False
1368715397415964674,15900167,1845.8943196829591,False
1368753671568322564,20265254,8194.882978723404,False
1366946573528100864,20346956,28018.131548311987,False
1367245903472558081,19263978,3627.8632478632476,False
1366604627689496580,19263978,36310.45584045584,False
1251269832122777600,46467162,20.076481835564053,False
1369343726611529728,15900167,136.6525759577279,False
1367266920689459202,16212685,2009.4314601457793,False
1366585340849491972,19077044,1325.9635811836115,False
1299755874915942401,46467162,5.019120458891013,False
1367288053547626496,16201775,774.2103731299843,False
1367842722678247427,134209832,4.141176470588236,False
1346121159134343168,23695888,29.954210902778165,False
762025473794867200,1543669128,40.90909090909091,False
1291098932987269128,395305090,491285.4052596089,False
1323309743218282496,155659213,1073260.680317501,False
1337159750644080645,240664869,15925.066177901772,False
1339313549626273793,847238528,390270.176171875,False
1217178366597570560,1561168178,2226.517209445902,False
1325467261239431170,155659213,623076.2817913512,False
1257063194687832064,2396677714,65211.239704619606,False
1369407674366976007,5988062,7014.19534883721,False
1369595394045444097,16973333,8801.363636363638,False
1369423783086460937,28785486,88195.38128580523,False
1369433577339957248,87818409,6555.360000000001,False
1369335967618904068,759251,88306.07079421468,False
1369572554969583617,16973333,919.5454545454546,False
1368935548694519808,1367531,47417.842741935485,False
1300884239626522624,2157651508,1026.1511061881133,False
1351483359244005376,847238528,15602.547512565558,False
1286599815967776768,395305090,156891.10454934346,False
1247840496569012225,1543669128,241.36363636363635,False
764216312134590466,1543669128,239.6203754570081,False
1319651956579762176,847238528,240202.21203125,False
1291094964185825281,395305090,82573.95819285233,False
1296511004063473667,395305090,229780.70670713173,False
1238211420388569088,1561168178,84509.2927641542,False
1365047360934526982,847238528,100603.05907506557,False
1070275243552489472,1561168178,28773.13891032567,False
1362945064209575938,985916593065476096,52239.0,False
1364274434111062018,621583,3555.1486486486483,False
1362410505365839874,621583,1160.8648648648648,False
1365979945470582784,21887420,111.99985472022476,False
1365436528865005568,43192807,61140.829666876176,False
1360763643135070209,43192807,139801.54619736015,False
1361311529392623617,53372965,146.3347528775476,False
1367536592617959425,36184220,6310.268456375839,False
1366889537616498688,82652901,53.996010638297875,False
1369090194847186944,14885549,209.37931034482682,False
1367973079624876035,24016767,537.5994915207866,False
1367262209160736770,273181052,0.0,False
1342394653887369216,1288485038,2374796.4172405,False
1368760958261268480,65184105,372.42128121606953,False
1361000829247963141,1232061287301074945,31830.45123258307,False
1151158403135397888,180463340,4132105.237893698,False
1145785172069146626,180463340,70117.5705185979,False
1353781237882744833,1060978099146260480,5189866.503950211,False
1365693174493151234,15635604,3014.774668630339,False
1365108564679790592,985916593065476096,50589.0,False
1367236148385304576,15635604,17908.276877761415,False
1340053869758394370,1038082275689340928,5091.935051182492,False
1368328702002671626,65184105,14561.672095548318,False
1366503879983030273,26585095,973.5148514851485,False
1242146375950675969,5391882,122.59459459459461,False
1359645020974845952,811377,1920.0346820809248,False
1354051463190732800,273181052,28146.13317757009,False
1341013863110762496,1060978099146260480,6353961.305246525,False
1357058139720478731,273181052,532.6051401869158,False
1357670309525131266,1305941,19.999999999999954,False
1369453567367507968,6527972,107.14285714177392,False
1368017377036660737,6527972,107.14285714177392,False
1349371181334474754,34097876,1603.4999999999998,False
1242251884007534592,5391882,61.297297297297305,False
1242143080616087552,5391882,61.297297297297305,False
1357706176864129027,1305941,483.26516464471285,False
1358610352313757697,811377,2979.364161849711,False
1358615407775649792,52484614,263.18595266659395,False
1336517598029213698,821102114,118336.26949767911,False
1369374583598571524,24742040,429.22325787838435,False
1198044435163967488,1141417774201184257,20927.29230229704,False
1359935760627953665,15234657,253.89473684210526,False
1366752653401853956,10671602,10529.404976147627,False
1369490617592467456,759251,223074.72037553924,False
1369233187860328448,111556576,440.4545454545454,False
1369441139871387656,15066760,322.62295081967216,False
1368848967086215169,19230601,848.0992555831265,False
1369532238304534528,111556576,171.54545454545453,False
1369281300453015552,1367531,89356.29032258065,False
1369395917321801728,46403451,443.1818181811841,False
1369613079433142278,16973333,4991.818181818182,False
1369442906671616001,14173315,10012.305025996533,False
1369377489030705154,759251,73633.67749302209,False
1369492359243763717,28785486,79774.71674092935,False
1369360371006472195,15012486,2836.3636363636365,False
1369564089211641856,16973333,1313.6363636363637,False
1369426283919212544,1367531,19388.629032258064,False
1369438309643153408,14293310,13995.05882352941,False
1369573257234550784,14173315,6674.870017331022,False
1370127157276606467,28785486,48751.21578612349,False
1369419121818038275,28785486,395771.2336091662,False
1369340768138240000,5988062,4990.869767441861,False
958350559177736194,48410093,119894.26013759611,False
1355113743504584706,35727881,3139.009900990099,False
1361587149062082561,155705264,2921.997049697339,False
1354775320658898944,2439032786,111.64044943820225,False
1330977426906689538,2439032786,4840.853932584269,False
423079851592257536,2176998871,336.41851106639837,False
1305852766850555904,27042513,1474001.9925314605,False
1356654923870572546,35727881,183.10891089108912,False
1361600708764700674,35727881,2301.940594059406,False
1356664797979369475,35727881,52.31683168316832,False
1329790713039523845,38633321,412.0325203252032,False
1366587272477306883,155705264,1593.8165725621852,False
1022134672929816578,202222127,2062.7381703470032,False
1358993966020976640,155705264,265.63609542703085,False
1364866906658922496,35727881,2328.09900990099,False
1329456908726644738,21001379,14429.3125,False
1314195121861132288,38633321,347.6524390243902,False
1359391903838470147,155705264,1062.5443817081234,False
1340975456644939777,21001379,3340.4375,False
1308893236723953665,72915722,31653.991836734695,False
1321799645652307969,27042513,195641.61714377385,False
1349392742212726785,29758446,123739.03944516688,False
1369299518739595270,24742040,5365.290723479804,False
1323278697466630145,113696373,119299.67867036011,False
1293655120706600960,108361327,74884.04804270463,False
1366187680472522754,10671602,18946.807209986575,False
1330751757664837632,118483749,8585.097046413503,False
1352380607314145283,252882791,285299.8501135503,False
1072571174180306945,39887890,1200.4777662874872,False
1360338125655056390,19114743,7758.945745992602,False
1357788145794887681,29758446,86038.81751192025,False
1323308897638125568,238475531,67731.78440366974,False
1354966674525597698,821102114,2869539.4222160946,False
1367207527079940101,19114743,24880.718249075217,False
1365338873287634950,821102114,67686.50434303046,False
1332251315209113601,118483749,5195.409282700422,False
1366426271023050755,14434070,176.75,False
1315101846596272129,55010030,204065.00212056955,False
1332399472039620612,110783489,6584.914285714285,False
1317126907926773763,55010030,22579.737655255984,False
1359835679577018368,1124816718,262.37597660116063,False
1364200104257708046,7905122,626.3478260863008,False
1370041595605753862,28785486,68251.70210057289,False
1369440747641049091,5988062,41815.39534883721,False
1369352315698872325,807095,29354.99133448873,False
1369445460163915780,15012486,11650.909090909092,False
1369465541925175296,14173315,10012.305025996533,False
1369408111698673675,14293310,16649.29411764706,False
1369469114620731393,1367531,96943.14516129032,False
1369589127168073728,14173315,4767.764298093587,False
1367963978421264385,180505807,89.9175796250007,False
1329459194601193472,1636590253,11433.748266754705,False
1364604015103778820,50393960,16506.919553962565,False
1364248308781248517,1636590253,43839.17431495543,False
1259963743716298754,26389359,1188.975,False
1351256621993738240,50393960,28948.83074472322,False
1298277043499462656,1636590253,44048.368108286566,False
1362476144830812161,772493970,92.63157893793213,False
1346184604827279360,50393960,622198.9072082835,False
1364662601473429514,50393960,20118.346475507766,False
1365338574908891138,50393960,19699.21425726802,False
1369286911391637513,5988062,4046.651162790698,False
1369435367892455435,14173315,18784.99133448873,False
1363878818100875267,3339261074,12805.863921217548,False
1369552724228980736,5988062,12679.506976744187,False
1369611540475895810,759251,56787.59629535652,False
1370134342106804226,28785486,46092.058561425845,False
1369533353930727426,87818409,21056.61090909091,False
1369389341445873676,28785486,20830.06492679822,False
1369285101100691456,5988062,16861.04651162791,False
1354520696358137868,58560480,1896.5549132947979,False
1356255250680864768,3339261074,278.62130707251566,False
1355169402128363523,3339261074,10.71620411817368,False
1354446870312005635,3339261074,42.86481647269472,False
1343929726579187713,3339261074,342.91853178155776,False
1365767910543691777,58560480,1836.3468208092486,False
1334873804582121475,3339261074,53.5810205908684,False
1312137847378386944,20571756,19.19992736011238,False
1356662728111181824,14130366,585.0933572710951,False
1329861315624660993,3339261074,32.14861235452104,False
968884303131234305,42703075,2724.0,False
1369047712184889353,46403451,753.409090908013,False
1368988690211627016,19407053,3393.428571428566,False
1369031455695900677,19407053,1742.5714285714257,False
1369181799029571589,46403451,664.7727272717761,False
1369327333824430080,15110357,84.37386781363082,False
1367763412244172802,368276033,113234.25426527244,False
1369416324275961858,111556576,46.36363636363636,False
1369287711480221698,67358777,62.999997505413845,False
1369352282937065472,265902729,158.55737704918033,False
1366447180521816066,621583,1668.7432432432431,False
1366730304740872194,621583,507.87837837837833,False
1366828167936237575,25562270,443.87096774193543,False
1369392703054708740,1344951,949.891304347826,False
1365259500064804866,34992644,282.85714285519305,False
1369045377417162761,46403451,886.3636363623682,False
1358797009164111874,1124816718,131.18798830058032,False
1369475640076996610,14173315,7151.646447140381,False
1370088400410324994,28785486,90411.34563971993,False
1369990624041140230,28785486,175504.37683004455,False
1369538553219325952,87818409,17381.636363636364,False
1369264726656638979,5988062,4316.427906976744,False
1369589858763673606,14173315,3718.856152512998,False
1369396337469501452,807095,18930.974003466203,False
1369538190827270145,28785486,87308.99554423934,False
1369063128269479936,1367531,293297.47878485895,False
1354853026545102849,18228898,18556.289660321014,False
1322665368108716033,14230524,46934780.19687036,False
1331756802078334982,17919972,3574916.1880595544,False
1349357033301159936,9676212,179.66808621088092,False
1367339191961489408,20346956,60920.5049476135,False
1367307559640571904,20346956,21165.048020954597,False
1368204280629444611,11026952,8674.942008486563,False
1367318893191196674,16727749,4329.895470383275,False
1369407651914932229,19263978,519.7815764482431,False
1368686691452608517,20265254,10398.686170212766,False
1366894541475696640,19564719,282.19607843137254,False
1367295348574728194,16201775,2239.9906863030446,False
1366609467803074561,19077044,3957.951441578148,False
1367486237574123525,16727749,478.18815331010455,False
1367296657705099264,19077044,1555.2655538694992,False
1367327155667935236,20346956,242735.46129220023,False
1368218004861911049,16212685,15383.012461791675,False
1367172928295628802,20346956,303883.14027939463,False
1367616598727614473,19583545,113791.20650135445,False
1368984926410989569,22910295,90021.19107840882,False
1366848285361717252,20346956,126573.80238649591,False
1367535310733680640,19077044,7058.512898330804,False
1368236771671162881,2941994339,37.77777777777778,False
1366967661754675207,20346956,38846.76076833527,False
1354523590742446080,18222378,4862.1878837870045,False
1324424895749652481,116362700,19212.334143377884,False
1361735737411067909,18222378,4138.452204197599,False
1360011987493789696,3004231,30114.0,False
1365017631321858052,3004231,12673.45945945946,False
1307137727067029506,96829836,2000.6133333333332,False
1212045448812417030,89366493,44426.23574144486,False
1357083144407552000,3004231,19765.945945945947,False
1330266160202477577,6207392,39746.693730266124,False
1355379018791591936,18222378,76722.56145174595,False
1324444938923175936,19373710,103112.48722756034,False
1322265461359316992,95955871,387050.54722492694,False
1367702233853259783,27195114,441500.29151788325,False
1345783947607867393,314792669,77590.57872449634,False
1369403796443570180,1638021792,17558.405418250954,False
1368299640421052423,96951800,497146.065988874,False
1368844528170500098,2941994339,799.6296296296297,False
1366505349386240005,452155423,17999.04424778761,False
1369267106215235589,22910295,307413.63531846396,False
1368225636993691649,22910295,376755.35525408137,False
1369226708763746305,1638021792,17871.548954372625,False
1367226152549577157,3001704118,1064.5628451154014,False
1367112526647934977,452155423,36592.29463820926,False
1368637578694524931,452155423,12402.702758979698,False
1366854672955240450,22720074,193122.61543248288,False
1361801412741529606,7905122,417.56521739086713,False
1367703501367771141,55010030,152126.62102393215,False
1367548056628039684,19583545,172861.48614294644,False
1313215942826967040,22720074,11360.649968886124,False
1368649404702408707,34613288,57416.34965034966,False
1369367467001315336,34613288,246933.32243935752,False
1367822755769573377,19583545,341323.0473715455,False
1368170081633644548,34613288,556366.2167832168,False
