ID_User,ID_News,Ranking,Algorithm,Rating
1,1317842770816602114,5,CS,3
1,1336810117057179649,8,CS,3
1,1336964656792035329,6,CS,2
1,1344689933978656771,3,CS,5
1,1365315820080009221,2,CS,4
1,1365327872643260420,10,CS,1
1,1369325020258983936,1,CS,5
1,1369375444793954323,4,CS,5
1,1369400194513723396,9,CS,4
1,1369441796925886465,7,CS,3
1,1336793663792406530,5,CS+AS,2
1,1337077938076979205,2,CS+AS,3
1,1339525827118194689,7,CS+AS,4
1,1354118501653483523,3,CS+AS,1
1,1363551492486008834,10,CS+AS,1
1,1364607745270423556,1,CS+AS,5
1,1367882927384768524,9,CS+AS,5
1,1369372321736232963,8,CS+AS,1
1,1369383214062665731,4,CS+AS,2
1,1369386818169372680,6,CS+AS,5
1,1368604102989541376,9,SC,4
1,1369010885075812352,4,SC,4
1,1369253885932617735,3,SC,3
1,1369281593693646851,1,SC,4
1,1369388544003895298,2,SC,5
1,1369439516679942144,7,SC,5
1,1369460811760988160,10,SC,5
1,1369483207935225856,6,SC,3
1,1369523963974549504,5,SC,5
1,1370144518100684802,8,SC,3
1,1151160990995746816,2,B1,5
1,1189330936300756992,10,B1,5
1,1281615412459782145,6,B1,3
1,1298591876963078146,9,B1,4
1,1312476369830338561,4,B1,4
1,1324784149241147394,7,B1,3
1,1338474408743215106,8,B1,3
1,1343240225129168898,3,B1,5
1,1369271796499947520,5,B1,5
1,1369343506939019269,1,B1,5
2,1359577321695547392,9,CS,3
2,1362074171832958980,7,CS,3
2,1362085735063572482,10,CS,3
2,1362776603047165957,2,CS,2
2,1369048387815899139,5,CS,2
2,1369355243406954501,6,CS,2
2,1369375444793954323,1,CS,3
2,1369400194513723396,4,CS,4
2,1369441796925886465,3,CS,2
2,1369614175048249346,8,CS,4
2,1361388306106318857,4,CS+AS,4
2,1361701236395958278,5,CS+AS,4
2,1364579317964034050,9,CS+AS,5
2,1365007905318133766,3,CS+AS,4
2,1366709656974942211,8,CS+AS,5
2,1366932843067277314,6,CS+AS,3
2,1369030160943611907,7,CS+AS,4
2,1369292125641269258,1,CS+AS,4
2,1369441382973272064,10,CS+AS,4
2,1369458171467591683,2,CS+AS,3
2,1369037711324119046,8,SC,4
2,1369271770960850949,9,SC,3
2,1369382859534897161,6,SC,3
2,1369471231448158208,4,SC,4
2,1369511733975515142,10,SC,2
2,1369578871478235143,5,SC,5
2,1369610663547518978,3,SC,4
2,1369985018878169089,1,SC,3
2,1370003953598013450,2,SC,3
2,1370128693662785544,7,SC,4
2,1363564146948665347,1,B1,5
2,1364144723590578176,10,B1,4
2,1367766039254163458,3,B1,5
2,1368785659066941440,6,B1,4
2,1369453291936088064,4,B1,4
2,1369498799673065473,2,B1,4
2,1369579853612281860,7,B1,4
2,1369587331691208706,8,B1,4
2,1369600439239458820,5,B1,3
2,1369601403686182915,9,B1,4
3,1303249708169613313,7,CS,2
3,1364666742916583427,8,CS,3
3,1365315820080009221,3,CS,4
3,1366443197166096385,9,CS,4
3,1367237010608431106,10,CS,3
3,1367300793485828097,4,CS,3
3,1367521202042933249,1,CS,5
3,1369075493753020420,5,CS,2
3,1369075561981566976,6,CS,2
3,1369325020258983936,2,CS,3
3,1324374402750767104,2,CS+AS,5
3,1336793663792406530,8,CS+AS,3
3,1337077938076979205,6,CS+AS,3
3,1363941648812675075,4,CS+AS,4
3,1364607745270423556,3,CS+AS,2
3,1365327872643260420,5,CS+AS,3
3,1367315410106736640,9,CS+AS,3
3,1367894335233142789,1,CS+AS,3
3,1368286394792046596,10,CS+AS,3
3,1369383214062665731,7,CS+AS,3
3,1153306430100910080,5,SC,3
3,1180250671905263616,10,SC,2
3,1240704016046116865,3,SC,4
3,1256258912866766851,8,SC,4
3,1306742315667529729,4,SC,3
3,1318297870315839488,9,SC,2
3,1323456695725625344,2,SC,3
3,1324916905954652168,6,SC,3
3,1342995722761695232,1,SC,2
3,1368659881260032001,7,SC,3
3,1166395659500568579,7,B1,2
3,1321186362171666432,10,B1,1
3,1353812372331220992,9,B1,2
3,1363896507242598402,3,B1,4
3,1366963364975452162,5,B1,2
3,1367559613005004800,8,B1,2
3,1367883861271613441,4,B1,5
3,1369030162298400778,2,B1,2
3,1369048640111570951,6,B1,2
3,1369362392749121542,1,B1,2
4,1349377838722519040,2,CS,2
4,1349380288783253504,1,CS,2
4,1353672852747284480,10,CS,4
4,1354011094751260673,9,CS,4
4,1362776603047165957,4,CS,5
4,1369048387815899139,7,CS,5
4,1369355243406954501,8,CS,5
4,1369375444793954323,3,CS,5
4,1369400194513723396,6,CS,5
4,1369441796925886465,5,CS,3
4,1352554075657801732,4,CS+AS,1
4,1352937076669476864,10,CS+AS,2
4,1364851499042537474,6,CS+AS,2
4,1368622654870192131,3,CS+AS,5
4,1369226601972563972,5,CS+AS,5
4,1369438033892806663,7,CS+AS,5
4,1369441382973272064,2,CS+AS,5
4,1369458171467591683,1,CS+AS,4
4,1369495249417101312,9,CS+AS,3
4,1369619124318580736,8,CS+AS,5
4,1369049581208670208,9,SC,4
4,1369113689845022721,1,SC,2
4,1369275546044162051,8,SC,5
4,1369337073463885828,5,SC,4
4,1369456737070313476,2,SC,2
4,1369506070989836290,10,SC,3
4,1369525973302079490,3,SC,4
4,1369563595978252291,4,SC,1
4,1369600439239458820,6,SC,4
4,1370053184589299724,7,SC,2
4,1352325551621595136,3,B1,2
4,1368835740529000449,5,B1,5
4,1369242094217404419,8,B1,5
4,1369343506939019269,1,B1,5
4,1369397597421645834,6,B1,5
4,1369453291936088064,9,B1,4
4,1369552733536219138,10,B1,4
4,1369598009084887043,4,B1,5
4,1369959855692337152,2,B1,1
4,1370128693662785544,7,B1,5
5,1359577321695547392,9,CS,1
5,1362074171832958980,7,CS,3
5,1362085735063572482,10,CS,1
5,1362776603047165957,2,CS,5
5,1369048387815899139,5,CS,4
5,1369355243406954501,6,CS,5
5,1369375444793954323,1,CS,5
5,1369400194513723396,4,CS,5
5,1369441796925886465,3,CS,5
5,1369614175048249346,8,CS,4
5,1361388306106318857,4,CS+AS,2
5,1361701236395958278,5,CS+AS,2
5,1364579317964034050,9,CS+AS,3
5,1365007905318133766,3,CS+AS,2
5,1366709656974942211,8,CS+AS,3
5,1366932843067277314,6,CS+AS,2
5,1369030160943611907,7,CS+AS,3
5,1369292125641269258,1,CS+AS,3
5,1369441382973272064,10,CS+AS,4
5,1369458171467591683,2,CS+AS,4
5,1368685627303223297,8,SC,3
5,1369336610681159680,4,SC,5
5,1369351763355201542,1,SC,4
5,1369377514930507782,9,SC,5
5,1369430816389033988,7,SC,5
5,1369438777127624709,10,SC,4
5,1369468594891948038,3,SC,3
5,1369503478880612357,5,SC,5
5,1369611245616250880,6,SC,5
5,1370004858464534529,2,SC,3
5,1368856158010810369,2,B1,5
5,1368975418741624833,5,B1,5
5,1369242094217404419,4,B1,5
5,1369343506939019269,1,B1,3
5,1369382939289587718,6,B1,5
5,1369480643315462144,10,B1,5
5,1369517501248372738,7,B1,5
5,1369543002385956865,8,B1,5
5,1369590734672760836,3,B1,5
5,1369612914982846469,9,B1,5
6,1294010972055592962,10,CS,3
6,1317842770816602114,9,CS,5
6,1331748997124534274,6,CS,4
6,1337020338916499463,4,CS,2
6,1344689933978656771,1,CS,4
6,1355167587638906880,8,CS,3
6,1362083047785439239,3,CS,4
6,1369298875719311360,7,CS,5
6,1369311531360518146,2,CS,5
6,1369405604595400711,5,CS,5
6,1331744604891344896,7,CS+AS,2
6,1337022746824499203,1,CS+AS,2
6,1337463904566456320,6,CS+AS,2
6,1339525827118194689,8,CS+AS,5
6,1351920546011893761,3,CS+AS,2
6,1353502767352926208,2,CS+AS,3
6,1354118501653483523,5,CS+AS,5
6,1357375687967997959,9,CS+AS,1
6,1358843515149504514,10,CS+AS,3
6,1365416645624143873,4,CS+AS,3
6,1197158580333535232,10,SC,4
6,1204026434739691520,6,SC,5
6,1219085119971000320,2,SC,3
6,1339894034781880323,3,SC,5
6,1340053176150614025,9,SC,4
6,1349775316366090242,1,SC,2
6,1368199950169997314,4,SC,5
6,1369418972509179912,8,SC,3
6,1369559926629167104,5,SC,5
6,1369586848163586051,7,SC,2
6,1274054340517527552,5,B1,3
6,1326208392923410432,2,B1,4
6,1339526482142654466,1,B1,4
6,1356659266732650498,3,B1,3
6,1357425371721965589,4,B1,4
6,1357736029067874305,7,B1,3
6,1362794394848538628,6,B1,5
6,1367608643596783616,8,B1,3
6,1368667864803213318,9,B1,4
6,1368867018854830081,10,B1,5
7,1336810117057179649,8,CS,4
7,1336964656792035329,6,CS,3
7,1337318168277241857,10,CS,3
7,1362776603047165957,4,CS,4
7,1365315820080009221,3,CS,4
7,1365327872643260420,9,CS,4
7,1367462925250818061,7,CS,5
7,1368909409775149064,5,CS,4
7,1368932010971004931,1,CS,4
7,1369325020258983936,2,CS,3
7,1336596712857743361,10,CS+AS,3
7,1336793663792406530,4,CS+AS,3
7,1337077938076979205,2,CS+AS,2
7,1363551492486008834,8,CS+AS,3
7,1364607745270423556,1,CS+AS,2
7,1367882927384768524,7,CS+AS,4
7,1369337343270862853,9,CS+AS,2
7,1369372321736232963,6,CS+AS,4
7,1369383214062665731,3,CS+AS,3
7,1369386818169372680,5,CS+AS,5
7,1364237278516830212,8,SC,5
7,1367862841907294209,4,SC,4
7,1368174374247923712,5,SC,3
7,1368216046616768513,10,SC,4
7,1368234120082554894,2,SC,2
7,1368487188724350976,3,SC,2
7,1368501683219693570,6,SC,3
7,1368519774955798529,9,SC,4
7,1368632782042333188,7,SC,4
7,1369087867939659782,1,SC,3
7,969126955193962496,3,B1,3
7,1359820217090768896,1,B1,4
7,1363849575279316998,6,B1,4
7,1364974104491798530,2,B1,4
7,1365376371376205838,8,B1,4
7,1365618942501285888,7,B1,5
7,1367244704526393349,4,B1,2
7,1368969473651261440,10,B1,3
7,1368972324301602816,9,B1,4
7,1369342862656221187,5,B1,4
8,1294010972055592962,5,CS,4
8,1331748997124534274,3,CS,4
8,1334711453211889665,10,CS,4
8,1334726779903168512,9,CS,4
8,1337020338916499463,2,CS,4
8,1337021907464499204,6,CS,4
8,1337022746824499203,8,CS,4
8,1350483251291451392,7,CS,5
8,1355167587638906880,4,CS,4
8,1362083047785439239,1,CS,4
8,1290659734639521798,10,CS+AS,5
8,1331741612402237443,8,CS+AS,3
8,1331744604891344896,5,CS+AS,4
8,1337463904566456320,4,CS+AS,4
8,1351920546011893761,2,CS+AS,4
8,1353502767352926208,1,CS+AS,4
8,1357375687967997959,6,CS+AS,4
8,1358843515149504514,7,CS+AS,4
8,1358843677582401536,9,CS+AS,3
8,1365416645624143873,3,CS+AS,4
8,1268243264156524544,5,SC,4
8,1290389884927000582,9,SC,5
8,1316909183225286657,10,SC,5
8,1318996052049973248,3,SC,4
8,1322209256611852294,2,SC,5
8,1334706123971162115,7,SC,2
8,1334724211689074688,8,SC,5
8,1354658220585922565,4,SC,4
8,1363674987626856448,6,SC,3
8,1365178104310763520,1,SC,4
8,1296750375114964992,6,B1,5
8,1337245958787244033,7,B1,5
8,1349748316901310464,5,B1,5
8,1359964129532862464,4,B1,4
8,1360637255132434433,3,B1,4
8,1361140319002103813,8,B1,4
8,1363548342832218116,2,B1,5
8,1363673526096470017,10,B1,4
8,1368703131652005888,1,B1,5
8,1369095591607865347,9,B1,4
9,1095067826061262848,6,CS,1
9,1182112257708306433,3,CS,1
9,1273231711908872193,1,CS,1
9,1336059119174897665,9,CS,4
9,1338584496489172992,8,CS,3
9,1350483251291451392,2,CS,5
9,1359597695548153864,4,CS,4
9,1364683920965578753,5,CS,1
9,1365320876510560258,7,CS,4
9,1366561763962073092,10,CS,1
9,1321455751567532032,9,CS+AS,5
9,1333873034114064385,3,CS+AS,5
9,1343729046891347968,8,CS+AS,5
9,1347619092417548288,10,CS+AS,5
9,1359932980974657536,5,CS+AS,5
9,1360346403873181707,2,CS+AS,4
9,1362069293790162946,6,CS+AS,4
9,1362872757109809152,1,CS+AS,1
9,1364624807220948994,7,CS+AS,1
9,1366115959623331844,4,CS+AS,1
9,1164279406057201665,8,SC,1
9,1263620338790944769,2,SC,4
9,1312391963241398272,6,SC,4
9,1319321276171759617,1,SC,5
9,1327308553418272768,5,SC,3
9,1330972658612150272,10,SC,5
9,1333878541398798338,4,SC,5
9,1338573100921794560,3,SC,4
9,1351540224560668673,9,SC,3
9,1361732521428275201,7,SC,1
9,1275492317013479424,10,B1,5
9,1292597118763319296,1,B1,5
9,1322191082235506689,5,B1,4
9,1322221808913928193,3,B1,2
9,1322229311718494210,8,B1,2
9,1337774207971684352,9,B1,5
9,1341790679945670656,7,B1,4
9,1362841895030968326,2,B1,1
9,1363548342832218116,4,B1,5
9,1365001111946420226,6,B1,4
10,1336810117057179649,8,CS,4
10,1336964656792035329,6,CS,4
10,1337318168277241857,10,CS,3
10,1350483251291451392,5,CS,5
10,1365315820080009221,3,CS,4
10,1365327872643260420,9,CS,3
10,1367462925250818061,7,CS,4
10,1368909409775149064,4,CS,5
10,1368932010971004931,1,CS,5
10,1369325020258983936,2,CS,4
10,1336596712857743361,10,CS+AS,3
10,1336793663792406530,4,CS+AS,3
10,1337077938076979205,2,CS+AS,3
10,1363551492486008834,8,CS+AS,4
10,1364607745270423556,1,CS+AS,3
10,1367882927384768524,7,CS+AS,5
10,1369337343270862853,9,CS+AS,4
10,1369372321736232963,6,CS+AS,4
10,1369383214062665731,3,CS+AS,4
10,1369386818169372680,5,CS+AS,4
10,1320726746329743363,1,SC,5
10,1330948472992776193,10,SC,5
10,1337102280059834370,4,SC,4
10,1350865539091066881,8,SC,5
10,1351594764056088577,2,SC,5
10,1352017720578105346,7,SC,4
10,1365731424322478084,3,SC,5
10,1367862841907294209,9,SC,4
10,1368234120082554894,5,SC,5
10,1369087867939659782,6,SC,5
10,1368157353695121412,2,B1,5
10,1368173264602869761,5,B1,5
10,1368241591299760129,4,B1,5
10,1368317364287180801,1,B1,5
10,1368550065502121985,6,B1,5
10,1368645394348077067,8,B1,5
10,1368982192194519043,9,B1,4
10,1369007428696743936,3,B1,5
10,1369259792892633089,10,B1,5
10,1369382325633638404,7,B1,5
11,1294010972055592962,5,CS,4
11,1331748997124534274,3,CS,3
11,1334711453211889665,10,CS,3
11,1334726779903168512,9,CS,5
11,1337020338916499463,2,CS,5
11,1337021907464499204,6,CS,5
11,1337022746824499203,8,CS,5
11,1350483251291451392,7,CS,5
11,1355167587638906880,4,CS,3
11,1362083047785439239,1,CS,5
11,1290659734639521798,10,CS+AS,3
11,1331741612402237443,8,CS+AS,2
11,1331744604891344896,5,CS+AS,2
11,1337463904566456320,4,CS+AS,5
11,1351920546011893761,2,CS+AS,4
11,1353502767352926208,1,CS+AS,2
11,1357375687967997959,6,CS+AS,5
11,1358843515149504514,7,CS+AS,2
11,1358843677582401536,9,CS+AS,2
11,1365416645624143873,3,CS+AS,5
11,1310693744056950787,10,SC,5
11,1316501262704144384,4,SC,5
11,1319686215642214401,7,SC,5
11,1330692631551234050,5,SC,5
11,1333492114408296449,2,SC,5
11,1336325009367678977,9,SC,5
11,1347589799947984902,1,SC,5
11,1349370619616378880,6,SC,5
11,1352347607855726594,8,SC,5
11,1363238923879653379,3,SC,5
11,1269640838205902849,1,B1,3
11,1309555054295355394,8,B1,5
11,1330164072227094528,10,B1,5
11,1353719280022343683,7,B1,5
11,1354547483083329538,5,B1,2
11,1359185296382779393,6,B1,2
11,1360046105170485249,9,B1,3
11,1363548342832218116,2,B1,2
11,1366208806535892995,4,B1,5
11,1368703131652005888,3,B1,2
11,1240464261366919171,8,CS,5
11,1336059119174897665,6,CS,5
11,1342062601535164416,7,CS,5
11,1350483251291451392,2,CS,5
11,1359597695548153864,3,CS,5
11,1359932980974657536,9,CS,5
11,1362776603047165957,1,CS,3
11,1365320876510560258,4,CS,5
11,1369042864316026881,10,CS,5
11,1369614175048249346,5,CS,5
11,1320142365038817281,9,CS+AS,5
11,1321455751567532032,5,CS+AS,5
11,1333873034114064385,3,CS+AS,3
11,1338592930022363139,10,CS+AS,5
11,1347619092417548288,6,CS+AS,5
11,1360346403873181707,1,CS+AS,3
11,1362069293790162946,4,CS+AS,5
11,1368622654870192131,7,CS+AS,4
11,1369226601972563972,8,CS+AS,4
11,1369458171467591683,2,CS+AS,4
11,1238490684384071686,8,SC,5
11,1263620338790944769,3,SC,5
11,1304866700794363905,9,SC,5
11,1319321276171759617,2,SC,5
11,1327642451427864577,5,SC,5
11,1334534887664209922,10,SC,5
11,1334601400836354048,1,SC,5
11,1361376289475682307,7,SC,5
11,1362769948691472385,4,SC,5
11,1364533279261679619,6,SC,5
11,1292597118763319296,3,B1,5
11,1316844403797889024,9,B1,5
11,1324713186436796417,7,B1,5
11,1327659608903733249,2,B1,5
11,1327687747117740035,5,B1,5
11,1351669168987226112,10,B1,5
11,1360341869478223872,8,B1,5
11,1363926533652574218,6,B1,5
11,1364598637163126785,4,B1,5
11,1366709249137643523,1,B1,5
11,1294010972055592962,7,CS,5
11,1331748997124534274,5,CS,1
11,1337020338916499463,4,CS,3
11,1337021907464499204,8,CS,5
11,1337022746824499203,10,CS,5
11,1350483251291451392,9,CS,5
11,1355167587638906880,6,CS,5
11,1362083047785439239,3,CS,5
11,1365113385658970113,2,CS,1
11,1366167129754537984,1,CS,1
11,1331741612402237443,9,CS+AS,4
11,1331744604891344896,6,CS+AS,5
11,1337463904566456320,5,CS+AS,4
11,1351920546011893761,3,CS+AS,2
11,1353502767352926208,2,CS+AS,4
11,1354565152939544576,1,CS+AS,4
11,1357375687967997959,7,CS+AS,5
11,1358843515149504514,8,CS+AS,3
11,1358843677582401536,10,CS+AS,4
11,1365416645624143873,4,CS+AS,2
11,1086268959492468742,4,SC,5
11,1290389884927000582,8,SC,5
11,1315698359718551552,9,SC,5
11,1316909183225286657,7,SC,5
11,1334706123971162115,1,SC,1
11,1334724211689074688,2,SC,1
11,1354658220585922565,5,SC,1
11,1358058477785120769,3,SC,1
11,1359547910619344904,10,SC,5
11,1367500382717546499,6,SC,5
11,1310618458925740032,9,B1,5
11,1333406580927303682,6,B1,1
11,1338944728969035776,4,B1,1
11,1341035699970011136,8,B1,5
11,1345405481628684289,5,B1,1
11,1360638198573981696,1,B1,1
11,1363548342832218116,3,B1,5
11,1365207153359917058,7,B1,1
11,1366833859829108738,10,B1,5
11,1367946423736537089,2,B1,1
12,1301164188136431616,7,CS,5
12,1349749578095075328,1,CS,5
12,1361511252103729153,2,CS,5
12,1361586402484514816,4,CS,2
12,1361853779025403905,5,CS,2
12,1361857937518465025,3,CS,5
12,1365037827298238464,6,CS,2
12,1365109273240473600,9,CS,3
12,1366197120064192513,10,CS,5
12,1366910062711685124,8,CS,5
12,1326033569555181568,6,CS+AS,2
12,1334130051554668547,10,CS+AS,5
12,1334873913210380298,1,CS+AS,5
12,1354807067232489475,3,CS+AS,5
12,1356255352145272832,5,CS+AS,5
12,1360286991011639302,2,CS+AS,5
12,1365784358217523201,8,CS+AS,3
12,1365811680815554560,9,CS+AS,3
12,1365812811721543685,7,CS+AS,3
12,1367532398825648130,4,CS+AS,5
12,1331282297014743042,6,SC,5
12,1336435104172765184,9,SC,3
12,1344852533122981888,10,SC,5
12,1358529006967033856,4,SC,3
12,1359319030587293696,5,SC,3
12,1359370632350208003,3,SC,2
12,1366121589478154243,2,SC,5
12,1366380504736534529,8,SC,3
12,1369832253816246274,7,SC,5
12,1370069387974119426,1,SC,5
12,1272637078401097731,3,B1,5
12,1321919226341306368,4,B1,5
12,1339746480014254081,10,B1,5
12,1343974143646044160,9,B1,5
12,1359318229735251977,7,B1,3
12,1361396964227772419,2,B1,5
12,1364415183607586825,5,B1,2
12,1365155419564351490,1,B1,5
12,1365372438578667526,6,B1,2
12,1366804263385501696,8,B1,5
13,1336810117057179649,7,CS,4
13,1336964656792035329,6,CS,1
13,1337318168277241857,9,CS,1
13,1362776603047165957,5,CS,2
13,1363551492486008834,10,CS,1
13,1365113385658970113,4,CS,1
13,1365315820080009221,3,CS,4
13,1365327872643260420,8,CS,1
13,1366167129754537984,1,CS,2
13,1369325020258983936,2,CS,4
13,1336596712857743361,10,CS+AS,1
13,1336793663792406530,5,CS+AS,4
13,1337077938076979205,3,CS+AS,3
13,1354565152939544576,2,CS+AS,1
13,1364607745270423556,1,CS+AS,4
13,1367882927384768524,8,CS+AS,4
13,1369337343270862853,9,CS+AS,1
13,1369372321736232963,7,CS+AS,1
13,1369383214062665731,4,CS+AS,2
13,1369386818169372680,6,CS+AS,5
13,1330948472992776193,10,SC,5
13,1337104278398382087,8,SC,5
13,1350865539091066881,3,SC,3
13,1351594764056088577,6,SC,3
13,1352017720578105346,2,SC,1
13,1358898413136396288,5,SC,4
13,1362902698585071617,9,SC,5
13,1363172378843389952,4,SC,2
13,1365731424322478084,1,SC,5
13,1369087867939659782,7,SC,3
13,1285952748484083712,1,B1,1
13,1312476369830338561,2,B1,4
13,1327673915829866501,9,B1,4
13,1336808991792525325,6,B1,2
13,1337102429532217345,7,B1,4
13,1354081977062850561,3,B1,3
13,1357343495132880897,8,B1,2
13,1362949278365143050,4,B1,1
13,1365346314956005378,5,B1,2
13,1369324832702296067,10,B1,2
15,1301164188136431616,8,CS,3
15,1349749578095075328,2,CS,3
15,1361511252103729153,4,CS,5
15,1361586402484514816,6,CS,3
15,1361853779025403905,7,CS,5
15,1361857937518465025,5,CS,3
15,1365109273240473600,9,CS,3
15,1365113385658970113,3,CS,3
15,1366121589478154243,10,CS,4
15,1366167129754537984,1,CS,4
15,1283518830950510593,9,CS+AS,4
15,1317810926133874689,5,CS+AS,4
15,1318667750408036352,2,CS+AS,3
15,1349743109832372225,7,CS+AS,4
15,1354565152939544576,4,CS+AS,5
15,1359941706951524353,6,CS+AS,3
15,1360286991011639302,1,CS+AS,3
15,1364664823984779267,3,CS+AS,4
15,1366380504736534529,10,CS+AS,4
15,1368297763524448256,8,CS+AS,3
15,1258809129218564098,6,SC,3
15,1301536924067393537,8,SC,2
15,1303727847966674944,7,SC,2
15,1330905143416659975,2,SC,4
15,1331266330176196608,1,SC,3
15,1351560050725294082,9,SC,2
15,1354353736580124673,5,SC,4
15,1355549351603531783,10,SC,5
15,1362920758872133634,3,SC,3
15,1365788765957083149,4,SC,3
15,1272637078401097731,4,B1,2
15,1321919226341306368,3,B1,2
15,1339746480014254081,8,B1,3
15,1343974143646044160,9,B1,5
15,1359318229735251977,7,B1,4
15,1360653537781321732,10,B1,5
15,1361396964227772419,2,B1,2
15,1364415183607586825,5,B1,3
15,1365372438578667526,1,B1,2
15,1366804263385501696,6,B1,2
16,1303249708169613313,3,CS,1
16,1319402828285108225,7,CS,1
16,1324374402750767104,5,CS,1
16,1366499073671454725,9,CS,2
16,1367113993815547906,8,CS,4
16,1367462925250818061,6,CS,1
16,1368245651046207493,2,CS,5
16,1368580185642110982,10,CS,5
16,1368909409775149064,4,CS,2
16,1368932010971004931,1,CS,1
16,1319343716801236992,2,CS+AS,5
16,1326736922199257089,7,CS+AS,1
16,1345510484213075968,4,CS+AS,1
16,1366232555037462531,10,CS+AS,3
16,1367170047081402380,3,CS+AS,1
16,1367531774012751878,9,CS+AS,1
16,1367649223601238016,8,CS+AS,1
16,1368561200754270210,6,CS+AS,1
16,1368584215403655171,5,CS+AS,1
16,1368933410085945345,1,CS+AS,1
16,1173620799997186051,8,SC,1
16,1271896411257241600,3,SC,1
16,1275840045761441792,6,SC,1
16,1316239353505480704,7,SC,1
16,1317201419384975365,4,SC,1
16,1318907390922788866,9,SC,1
16,1326554237053054977,5,SC,1
16,1346143996431646720,2,SC,4
16,1352019602151100416,1,SC,1
16,1368447074019270656,10,SC,4
16,1333807391079428096,6,B1,1
16,1346230432036233218,2,B1,1
16,1367269369521266691,8,B1,5
16,1367300479739441155,9,B1,1
16,1367491019277799427,3,B1,5
16,1367625056570990592,10,B1,2
16,1367629682439454722,1,B1,1
16,1368144516558041088,4,B1,1
16,1369378396216692740,5,B1,1
16,1369400158912475136,7,B1,1
17,1336810117057179649,6,CS,2
17,1336964656792035329,5,CS,2
17,1337318168277241857,8,CS,2
17,1344784297316786177,10,CS,5
17,1363551492486008834,9,CS,2
17,1365113385658970113,4,CS,1
17,1365315820080009221,3,CS,2
17,1365327872643260420,7,CS,2
17,1366167129754537984,1,CS,1
17,1369325020258983936,2,CS,2
17,1336596712857743361,10,CS+AS,1
17,1336793663792406530,5,CS+AS,2
17,1337077938076979205,3,CS+AS,2
17,1354565152939544576,2,CS+AS,1
17,1364607745270423556,1,CS+AS,5
17,1367882927384768524,8,CS+AS,3
17,1369337343270862853,9,CS+AS,1
17,1369372321736232963,7,CS+AS,2
17,1369383214062665731,4,CS+AS,2
17,1369386818169372680,6,CS+AS,2
17,1063403538636816385,4,SC,5
17,1320374052847013893,5,SC,5
17,1330058761323614209,6,SC,5
17,1334527822971490308,3,SC,5
17,1336739324658929667,1,SC,5
17,1350151000267632641,8,SC,5
17,1357403552470212608,2,SC,5
17,1358772405536194562,7,SC,5
17,1364970509700595717,9,SC,5
17,1366743775192752129,10,SC,4
17,1316030943174422528,3,B1,5
17,1316722494255099904,8,B1,5
17,1354993740562137089,1,B1,1
17,1358414579328561153,2,B1,5
17,1362674074732748803,7,B1,1
17,1365629350721249281,6,B1,5
17,1366841911357620225,10,B1,5
17,1367474157626290181,5,B1,5
17,1367507656269791241,4,B1,5
17,1369000930809581570,9,B1,5
18,1273231711908872193,2,CS,3
18,1301164188136431616,8,CS,3
18,1344689933978656771,4,CS,3
18,1349749578095075328,1,CS,1
18,1361511252103729153,3,CS,1
18,1361586402484514816,6,CS,1
18,1361853779025403905,7,CS,1
18,1361857937518465025,5,CS,1
18,1365109273240473600,9,CS,1
18,1366121589478154243,10,CS,2
18,1182112257708306433,8,CS+AS,2
18,1339525827118194689,6,CS+AS,4
18,1349743109832372225,4,CS+AS,1
18,1354118501653483523,2,CS+AS,1
18,1358569998885785609,10,CS+AS,1
18,1359941706951524353,3,CS+AS,1
18,1360286991011639302,1,CS+AS,1
18,1362127981234188288,9,CS+AS,3
18,1366380504736534529,7,CS+AS,2
18,1368297763524448256,5,CS+AS,2
18,1327053570794008577,1,SC,2
18,1330556651716243456,2,SC,3
18,1337819421973344256,5,SC,2
18,1339195127986794498,3,SC,4
18,1339377333728391169,9,SC,4
18,1340325978170646535,4,SC,3
18,1354527098354819077,8,SC,1
18,1359592867380031494,6,SC,1
18,1362475666504040451,7,SC,1
18,1366528818454822914,10,SC,3
18,1188118588290469890,10,B1,5
18,1189330936300756992,4,B1,5
18,1298591876963078146,3,B1,2
18,1331689113494446085,6,B1,3
18,1333425556659064833,9,B1,3
18,1338474408743215106,2,B1,2
18,1363561378552958976,1,B1,2
18,1365319660405678081,5,B1,1
18,1368245620344029188,8,B1,1
18,1368640454028386304,7,B1,2
19,1349377838722519040,1,CS,4
19,1349380288783253504,2,CS,4
19,1369048387815899139,10,CS,3
19,1369298875719311360,6,CS,4
19,1369311531360518146,3,CS,4
19,1369326799709212680,9,CS,4
19,1369375444793954323,5,CS,4
19,1369400194513723396,8,CS,4
19,1369405604595400711,4,CS,4
19,1369441796925886465,7,CS,4
19,1352554075657801732,6,CS+AS,4
19,1352937076669476864,10,CS+AS,4
19,1353672852747284480,4,CS+AS,4
19,1364851499042537474,7,CS+AS,4
19,1369015794248671233,8,CS+AS,4
19,1369315042236174343,1,CS+AS,4
19,1369355243406954501,3,CS+AS,4
19,1369395335769038849,2,CS+AS,4
19,1369441382973272064,5,CS+AS,3
19,1369495249417101312,9,CS+AS,4
19,1368697794417065992,10,SC,3
19,1369189230489001991,9,SC,3
19,1369266567423397891,4,SC,3
19,1369424518092120064,7,SC,3
19,1369425009303822344,3,SC,3
19,1369469059427893249,6,SC,3
19,1369559628183445504,1,SC,3
19,1369569992732250114,8,SC,3
19,1369596898127077379,5,SC,3
19,1369617901678964736,2,SC,4
19,1328394654375698433,8,B1,3
19,1329983375621435392,3,B1,4
19,1352325551621595136,5,B1,4
19,1354908861572935681,4,B1,4
19,1366588589191147526,9,B1,3
19,1368923387532369922,2,B1,5
19,1369038985188831234,1,B1,5
19,1369207595785977860,10,B1,3
19,1369242094217404419,7,B1,3
19,1369343506939019269,6,B1,3
20,1317842770816602114,4,CS,3
20,1344689933978656771,2,CS,2
20,1354118501653483523,7,CS,1
20,1362776603047165957,3,CS,5
20,1366499073671454725,9,CS,3
20,1367113993815547906,8,CS,4
20,1367462925250818061,6,CS,1
20,1368580185642110982,10,CS,1
20,1368909409775149064,5,CS,3
20,1368932010971004931,1,CS,2
20,1339525827118194689,1,CS+AS,1
20,1361046993158692866,3,CS+AS,1
20,1362196066431627265,4,CS+AS,1
20,1364697022847209478,7,CS+AS,1
20,1367496989215248388,10,CS+AS,2
20,1367497561645457427,9,CS+AS,1
20,1368561200754270210,6,CS+AS,4
20,1368760443498532864,8,CS+AS,2
20,1368777274506571779,2,CS+AS,1
20,1369458171467591683,5,CS+AS,5
20,1364622367499157504,2,SC,5
20,1366181019829686277,9,SC,5
20,1368272500086476805,3,SC,2
20,1368276753244913665,10,SC,2
20,1368950916024532995,5,SC,2
20,1369112711032881153,1,SC,3
20,1369146187358539781,8,SC,5
20,1369193501875970048,6,SC,5
20,1369415901964034052,7,SC,3
20,1369573389845880832,4,SC,5
20,1359371849965199360,6,B1,5
20,1359943267148845058,9,B1,1
20,1363915655720939521,3,B1,5
20,1364970371716423682,10,B1,5
20,1366925854421495812,7,B1,5
20,1367491019277799427,1,B1,1
20,1368096530268323842,4,B1,5
20,1368604247760244742,8,B1,3
20,1368788336333176833,2,B1,1
20,1369633104269357056,5,B1,5
21,1317842770816602114,10,CS,5
21,1344689933978656771,4,CS,2
21,1364666742916583427,8,CS,3
21,1365315820080009221,3,CS,2
21,1366443197166096385,9,CS,1
21,1367300793485828097,5,CS,5
21,1367521202042933249,1,CS,5
21,1369075493753020420,6,CS,4
21,1369075561981566976,7,CS,4
21,1369325020258983936,2,CS,2
21,1336793663792406530,8,CS+AS,3
21,1337077938076979205,5,CS+AS,1
21,1354118501653483523,6,CS+AS,2
21,1363941648812675075,3,CS+AS,4
21,1364607745270423556,2,CS+AS,1
21,1365327872643260420,4,CS+AS,1
21,1367315410106736640,9,CS+AS,1
21,1367894335233142789,1,CS+AS,3
21,1368286394792046596,10,CS+AS,1
21,1369383214062665731,7,CS+AS,1
21,1204781519052652546,2,SC,2
21,1272339338995445760,1,SC,1
21,1300100975793901569,8,SC,3
21,1338181816478539777,3,SC,5
21,1339526270288322561,9,SC,4
21,1340651032817315842,10,SC,4
21,1366217334658977797,7,SC,5
21,1366565826913062914,4,SC,4
21,1367222811727564800,5,SC,5
21,1369040595310682112,6,SC,2
21,1217122703766970369,8,B1,3
21,1326208392923410432,1,B1,5
21,1356659266732650498,2,B1,2
21,1362475510954156037,6,B1,2
21,1365407006253801474,7,B1,1
21,1367282096289443840,9,B1,3
21,1367323565008154630,4,B1,1
21,1367556352445321216,5,B1,5
21,1368978816849211392,10,B1,5
21,1369030162298400778,3,B1,1
22,1362776603047165957,8,CS,3
22,1364666742916583427,6,CS,3
22,1366443197166096385,7,CS,2
22,1367237010608431106,9,CS,3
22,1367300793485828097,2,CS,3
22,1367521202042933249,1,CS,5
22,1368641210533830657,10,CS,5
22,1369075493753020420,3,CS,5
22,1369075561981566976,4,CS,5
22,1369375444793954323,5,CS,5
22,1363941648812675075,3,CS+AS,5
22,1367315410106736640,4,CS+AS,1
22,1367604109113655297,8,CS+AS,3
22,1367894335233142789,2,CS+AS,5
22,1367912923641737216,10,CS+AS,4
22,1367930915733835777,9,CS+AS,5
22,1368286394792046596,5,CS+AS,2
22,1369017812165881859,7,CS+AS,2
22,1369034842222985216,6,CS+AS,5
22,1369441796925886465,1,CS+AS,4
22,1369103243960258562,7,SC,4
22,1369259204725387266,5,SC,5
22,1369396362840858635,3,SC,3
22,1369402883704229892,9,SC,5
22,1369410355215142917,8,SC,5
22,1369437537907978245,6,SC,3
22,1369483561938649089,2,SC,4
22,1369505213904748554,4,SC,5
22,1369538412961730562,10,SC,3
22,1369567942690635778,1,SC,5
22,1300100975793901569,7,B1,2
22,1361812978425753600,4,B1,4
22,1366209913865703426,6,B1,5
22,1366234614650478594,8,B1,5
22,1367120318012280838,3,B1,5
22,1367128088832745476,9,B1,4
22,1368614821147598851,1,B1,5
22,1369015063705612288,5,B1,4
22,1369043306487767040,2,B1,5
22,1369339704588570624,10,B1,5
23,1294010972055592962,5,CS,3
23,1331748997124534274,3,CS,3
23,1334711453211889665,10,CS,3
23,1334726779903168512,9,CS,3
23,1337020338916499463,2,CS,3
23,1337021907464499204,6,CS,3
23,1337022746824499203,8,CS,3
23,1350483251291451392,7,CS,5
23,1355167587638906880,4,CS,3
23,1362083047785439239,1,CS,3
23,1290659734639521798,10,CS+AS,3
23,1331741612402237443,8,CS+AS,3
23,1331744604891344896,5,CS+AS,3
23,1337463904566456320,4,CS+AS,3
23,1351920546011893761,2,CS+AS,3
23,1353502767352926208,1,CS+AS,3
23,1357375687967997959,6,CS+AS,3
23,1358843515149504514,7,CS+AS,3
23,1358843677582401536,9,CS+AS,3
23,1365416645624143873,3,CS+AS,3
23,1303724853120217088,10,SC,4
23,1307054698931912706,5,SC,4
23,1319019864212713472,8,SC,4
23,1322232908141113344,2,SC,5
23,1325995532259561473,1,SC,5
23,1326932771240095749,4,SC,4
23,1335651231759552514,9,SC,4
23,1349391558269923330,6,SC,4
23,1354509947288088576,7,SC,4
23,1367852411017031682,3,SC,4
23,1192092402061889536,9,B1,4
23,1261222316803063810,4,B1,4
23,1311068940152401920,6,B1,4
23,1321088619814109184,1,B1,5
23,1331670759102681088,7,B1,5
23,1344346181976129538,8,B1,5
23,1350173131823083520,2,B1,5
23,1354864255749804039,5,B1,5
23,1360962032598720516,10,B1,5
23,1363548342832218116,3,B1,5
24,1336810117057179649,5,CS,2
24,1336964656792035329,4,CS,2
24,1337318168277241857,7,CS,3
24,1346517996760666117,10,CS,5
24,1362776603047165957,3,CS,5
24,1363551492486008834,8,CS,4
24,1364607745270423556,9,CS,4
24,1365315820080009221,2,CS,4
24,1365327872643260420,6,CS,4
24,1369325020258983936,1,CS,5
24,1336596712857743361,8,CS+AS,3
24,1336793663792406530,3,CS+AS,5
24,1337077938076979205,1,CS+AS,3
24,1365320876510560258,9,CS+AS,5
24,1367882927384768524,6,CS+AS,5
24,1369307525489844228,10,CS+AS,2
24,1369337343270862853,7,CS+AS,4
24,1369372321736232963,5,CS+AS,4
24,1369383214062665731,2,CS+AS,3
24,1369386818169372680,4,CS+AS,3
24,1319639717906821121,6,SC,4
24,1326957720759541761,7,SC,5
24,1330948472992776193,8,SC,5
24,1350865539091066881,10,SC,4
24,1357647227808841728,1,SC,3
24,1358898413136396288,3,SC,5
24,1362902698585071617,2,SC,4
24,1363172378843389952,5,SC,5
24,1369087867939659782,9,SC,5
24,1369308139158446081,4,SC,5
24,1292597118763319296,2,B1,3
24,1312476369830338561,3,B1,5
24,1337102429532217345,10,B1,5
24,1355530037152284675,4,B1,5
24,1359900546635870215,1,B1,5
24,1362099968824254464,5,B1,5
24,1363203331745673220,7,B1,5
24,1365346314956005378,8,B1,3
24,1366478355558780939,6,B1,5
24,1369122357307191296,9,B1,3
25,1349377838722519040,1,CS,1
25,1349380288783253504,2,CS,1
25,1353672852747284480,10,CS,4
25,1354011094751260673,9,CS,4
25,1362776603047165957,4,CS,5
25,1369048387815899139,7,CS,5
25,1369355243406954501,8,CS,5
25,1369375444793954323,3,CS,5
25,1369400194513723396,6,CS,5
25,1369441796925886465,5,CS,5
25,1352554075657801732,4,CS+AS,2
25,1352937076669476864,10,CS+AS,4
25,1364851499042537474,6,CS+AS,5
25,1368622654870192131,3,CS+AS,4
25,1369226601972563972,5,CS+AS,4
25,1369438033892806663,7,CS+AS,4
25,1369441382973272064,2,CS+AS,5
25,1369458171467591683,1,CS+AS,5
25,1369495249417101312,9,CS+AS,5
25,1369619124318580736,8,CS+AS,4
25,1369043756486377472,4,SC,5
25,1369377505224884227,8,SC,5
25,1369547930550611968,9,SC,5
25,1369560664142970881,7,SC,5
25,1369563665867898882,5,SC,5
25,1369569728541425667,6,SC,5
25,1369571000212463617,10,SC,5
25,1369579853612281860,2,SC,5
25,1369600442322333699,3,SC,5
25,1370125729199980545,1,SC,5
25,1329983375621435392,2,B1,5
25,1352325551621595136,3,B1,3
25,1354908861572935681,5,B1,5
25,1368835740529000449,10,B1,5
25,1368856158010810369,6,B1,5
25,1368970607216517129,8,B1,5
25,1369343506939019269,4,B1,5
25,1369587331691208706,1,B1,5
25,1369590734672760836,7,B1,5
25,1369598009084887043,9,B1,5
26,1336059119174897665,9,CS,3
26,1342062601535164416,10,CS,3
26,1349377838722519040,1,CS,4
26,1349380288783253504,2,CS,4
26,1350483251291451392,4,CS,4
26,1353672852747284480,7,CS,3
26,1354011094751260673,6,CS,4
26,1359597695548153864,5,CS,4
26,1362776603047165957,3,CS,4
26,1369614175048249346,8,CS,4
26,1320142365038817281,9,CS+AS,3
26,1321455751567532032,5,CS+AS,3
26,1333873034114064385,2,CS+AS,3
26,1338592930022363139,10,CS+AS,3
26,1352554075657801732,7,CS+AS,1
26,1359932980974657536,3,CS+AS,4
26,1362069293790162946,4,CS+AS,4
26,1368622654870192131,6,CS+AS,3
26,1369226601972563972,8,CS+AS,3
26,1369458171467591683,1,CS+AS,4
26,1329540885055356928,8,SC,3
26,1348680358619992071,1,SC,3
26,1349449506136330241,10,SC,3
26,1359141009272184832,2,SC,3
26,1360897085856313349,9,SC,4
26,1367541147787223041,5,SC,4
26,1368758876015910915,6,SC,4
26,1369030449398509568,7,SC,4
26,1369296706836250624,3,SC,4
26,1369636752336490497,4,SC,4
26,968452175142649858,4,B1,4
26,970787289638096897,8,B1,4
26,1322229311718494210,1,B1,2
26,1337774207971684352,3,B1,4
26,1339559388303007744,9,B1,2
26,1358024709137432577,7,B1,2
26,1362748296045953027,10,B1,4
26,1363548342832218116,2,B1,2
26,1364571918876073985,5,B1,3
26,1368999602867802126,6,B1,4
27,1349377838722519040,1,CS,5
27,1349380288783253504,2,CS,5
27,1353672852747284480,10,CS,3
27,1354011094751260673,9,CS,5
27,1362776603047165957,4,CS,5
27,1369048387815899139,7,CS,4
27,1369355243406954501,8,CS,5
27,1369375444793954323,3,CS,5
27,1369400194513723396,6,CS,5
27,1369441796925886465,5,CS,5
27,1352554075657801732,4,CS+AS,5
27,1352937076669476864,10,CS+AS,4
27,1364851499042537474,6,CS+AS,4
27,1368622654870192131,3,CS+AS,5
27,1369226601972563972,5,CS+AS,5
27,1369438033892806663,7,CS+AS,4
27,1369441382973272064,2,CS+AS,5
27,1369458171467591683,1,CS+AS,5
27,1369495249417101312,9,CS+AS,4
27,1369619124318580736,8,CS+AS,4
27,1368269027596976129,4,SC,1
27,1369303761097785344,9,SC,5
27,1369370948634312710,2,SC,1
27,1369400099223207936,5,SC,1
27,1369455485615759360,10,SC,4
27,1369528722538328068,1,SC,4
27,1369571760140615684,8,SC,4
27,1369608851306278914,7,SC,5
27,1369975631744802817,6,SC,1
27,1370035059495993348,3,SC,1
27,1329983375621435392,1,B1,1
27,1354908861572935681,4,B1,4
27,1368835740529000449,8,B1,4
27,1368856158010810369,5,B1,5
27,1369242094217404419,9,B1,4
27,1369343506939019269,3,B1,4
27,1369552733536219138,10,B1,5
27,1369590734672760836,6,B1,3
27,1369598009084887043,7,B1,5
27,1370132866093420544,2,B1,3
28,1317842770816602114,4,CS,3
28,1336810117057179649,7,CS,3
28,1336964656792035329,6,CS,1
28,1337318168277241857,9,CS,1
28,1344689933978656771,3,CS,1
28,1350483251291451392,5,CS,5
28,1354118501653483523,10,CS,1
28,1365315820080009221,2,CS,1
28,1365327872643260420,8,CS,1
28,1369325020258983936,1,CS,1
28,1336793663792406530,4,CS+AS,2
28,1337077938076979205,2,CS+AS,1
28,1339525827118194689,6,CS+AS,3
28,1363551492486008834,9,CS+AS,1
28,1364607745270423556,1,CS+AS,1
28,1367882927384768524,8,CS+AS,5
28,1369337343270862853,10,CS+AS,1
28,1369372321736232963,7,CS+AS,1
28,1369383214062665731,3,CS+AS,1
28,1369386818169372680,5,CS+AS,1
28,1306669595525226500,8,SC,3
28,1311335003599433733,1,SC,5
28,1313864060669026304,6,SC,1
28,1329469491961503747,3,SC,5
28,1329848482446905349,5,SC,5
28,1332672152995291138,4,SC,2
28,1333791058765901825,2,SC,2
28,1355246647446544384,9,SC,5
28,1361498566024302597,10,SC,5
28,1366441855416627200,7,SC,5
28,1246491727306899456,6,B1,5
28,1323671285285703683,1,B1,2
28,1329849237299990529,7,B1,3
28,1331650428115759105,9,B1,3
28,1334641065870159874,3,B1,3
28,1339289131575341057,10,B1,3
28,1340027052037169152,8,B1,5
28,1343640147775152131,4,B1,3
28,1355168831413645316,5,B1,5
28,1363548342832218116,2,B1,3
29,1248251408333172738,3,CS,3
29,1248277743118086144,1,CS,3
29,1337020338916499463,8,CS,3
29,1362083047785439239,5,CS,5
29,1364666742916583427,10,CS,5
29,1367300793485828097,4,CS,4
29,1367521202042933249,2,CS,4
29,1369075493753020420,6,CS,5
29,1369075561981566976,9,CS,5
29,1369169111478005763,7,CS,3
29,1337022746824499203,2,CS+AS,4
29,1337463904566456320,10,CS+AS,3
29,1351920546011893761,8,CS+AS,3
29,1353502767352926208,7,CS+AS,3
29,1363941648812675075,4,CS+AS,4
29,1365416645624143873,9,CS+AS,3
29,1366443197166096385,3,CS+AS,5
29,1367894335233142789,1,CS+AS,4
29,1367946026674352134,6,CS+AS,4
29,1367947939579006979,5,CS+AS,5
29,1120471100532625410,8,SC,5
29,1245049389250273280,4,SC,3
29,1250915381646176262,5,SC,3
29,1261295911185068033,9,SC,4
29,1331046811704958985,3,SC,3
29,1341859235756453889,1,SC,3
29,1366184948244176899,2,SC,3
29,1366212322436423682,7,SC,4
29,1368840460198838272,10,SC,3
29,1368855703612448768,6,SC,3
29,1250919345955446784,7,B1,4
29,1358793588382052358,1,B1,4
29,1366963364975452162,5,B1,3
29,1367244848978227201,9,B1,3
29,1367323565008154630,4,B1,4
29,1367565531189047299,8,B1,3
29,1367565667642331136,10,B1,5
29,1369030162298400778,3,B1,5
29,1369148165471969284,6,B1,4
29,1369362392749121542,2,B1,5
30,1362776603047165957,7,CS,4
30,1364666742916583427,5,CS,3
30,1366443197166096385,6,CS,2
30,1367237010608431106,8,CS,2
30,1367300793485828097,2,CS,3
30,1367521202042933249,1,CS,4
30,1368641210533830657,9,CS,4
30,1369034842222985216,10,CS,4
30,1369075493753020420,3,CS,4
30,1369075561981566976,4,CS,4
30,1363941648812675075,2,CS+AS,5
30,1365320876510560258,9,CS+AS,5
30,1367315410106736640,3,CS+AS,4
30,1367565062328623104,10,CS+AS,3
30,1367604109113655297,6,CS+AS,4
30,1367894335233142789,1,CS+AS,4
30,1367912923641737216,8,CS+AS,4
30,1367930915733835777,7,CS+AS,4
30,1368286394792046596,4,CS+AS,4
30,1369017812165881859,5,CS+AS,3
30,968536670105726977,3,SC,4
30,1139203333607043073,8,SC,4
30,1290776688284954625,7,SC,3
30,1322524023117533184,10,SC,4
30,1329121235423297537,2,SC,5
30,1363171557250596864,6,SC,3
30,1367214933423706113,4,SC,3
30,1368741071870562307,5,SC,3
30,1369307789932265473,9,SC,5
30,1369605185455017984,1,SC,5
30,1292597118763319296,1,B1,3
30,1300100975793901569,6,B1,5
30,1360680119854104582,4,B1,5
30,1362129662336450560,7,B1,4
30,1366102978739007492,8,B1,3
30,1366239727402196996,3,B1,5
30,1366242438717661187,10,B1,2
30,1367120318012280838,5,B1,4
30,1367128088832745476,9,B1,3
30,1369037334885265408,2,B1,3
31,1283912982200631298,9,CS,3
31,1318667750408036352,10,CS,2
31,1336810117057179649,5,CS,4
31,1336964656792035329,4,CS,3
31,1337318168277241857,7,CS,5
31,1362776603047165957,3,CS,5
31,1363551492486008834,8,CS,2
31,1365315820080009221,2,CS,4
31,1365327872643260420,6,CS,3
31,1369325020258983936,1,CS,3
31,1283518830950510593,8,CS+AS,2
31,1303840025000509448,10,CS+AS,2
31,1317810926133874689,4,CS+AS,3
31,1336793663792406530,6,CS+AS,3
31,1337077938076979205,3,CS+AS,4
31,1364607745270423556,1,CS+AS,4
31,1364664823984779267,2,CS+AS,3
31,1369372321736232963,9,CS+AS,1
31,1369383214062665731,5,CS+AS,2
31,1369386818169372680,7,CS+AS,4
31,973719108515717120,8,SC,3
31,976286019904401408,2,SC,4
31,1362439231080169474,10,SC,3
31,1364961278729551872,6,SC,4
31,1365459905717678084,7,SC,3
31,1369075112432046081,9,SC,1
31,1369087867939659782,1,SC,3
31,1369304506064908290,3,SC,3
31,1369463119479734274,4,SC,4
31,1369649450688409604,5,SC,3
31,970013213092757504,9,B1,4
31,978748491936780289,8,B1,4
31,1307034079381065732,2,B1,4
31,1322130577684942848,7,B1,2
31,1356766464162762754,3,B1,3
31,1360224092427812866,1,B1,4
31,1362196257624625152,5,B1,1
31,1362196930252726277,4,B1,3
31,1364590913369083904,10,B1,3
31,1369037449431715843,6,B1,2
32,1359577321695547392,9,CS,1
32,1362074171832958980,7,CS,1
32,1362085735063572482,10,CS,2
32,1362776603047165957,2,CS,2
32,1369048387815899139,5,CS,2
32,1369355243406954501,6,CS,1
32,1369375444793954323,1,CS,3
32,1369400194513723396,4,CS,2
32,1369441796925886465,3,CS,2
32,1369614175048249346,8,CS,3
32,1361388306106318857,4,CS+AS,2
32,1361701236395958278,5,CS+AS,4
32,1364579317964034050,9,CS+AS,2
32,1365007905318133766,3,CS+AS,1
32,1366709656974942211,8,CS+AS,3
32,1366932843067277314,6,CS+AS,2
32,1369030160943611907,7,CS+AS,1
32,1369292125641269258,1,CS+AS,3
32,1369441382973272064,10,CS+AS,3
32,1369458171467591683,2,CS+AS,4
32,976304255685423104,1,SC,4
32,1367113449394765824,10,SC,3
32,1367133454241046531,2,SC,4
32,1367444872903462913,3,SC,4
32,1368911960478257153,9,SC,2
32,1369148225433788417,7,SC,2
32,1369169336326316036,4,SC,4
32,1369357633283620870,5,SC,3
32,1369368976128679940,6,SC,4
32,1369533603194040320,8,SC,2
32,969126955193962496,5,B1,3
32,978970964762513409,7,B1,3
32,1362748149853396993,10,B1,3
32,1363849575279316998,9,B1,4
32,1364237278516830212,2,B1,3
32,1364974104491798530,3,B1,3
32,1365376371376205838,6,B1,3
32,1365618942501285888,4,B1,2
32,1369320575945019399,1,B1,3
32,1369342862656221187,8,B1,4
33,1362776603047165957,4,CS,3
33,1369048387815899139,9,CS,4
33,1369298875719311360,5,CS,4
33,1369311531360518146,1,CS,4
33,1369326799709212680,8,CS,2
33,1369355243406954501,10,CS,3
33,1369375444793954323,3,CS,4
33,1369400194513723396,7,CS,4
33,1369405604595400711,2,CS,4
33,1369441796925886465,6,CS,4
33,1368622654870192131,5,CS+AS,4
33,1369015794248671233,7,CS+AS,4
33,1369226601972563972,6,CS+AS,4
33,1369315042236174343,1,CS+AS,3
33,1369395335769038849,2,CS+AS,3
33,1369438033892806663,8,CS+AS,4
33,1369441382973272064,4,CS+AS,4
33,1369458171467591683,3,CS+AS,3
33,1369495249417101312,10,CS+AS,4
33,1369619124318580736,9,CS+AS,4
33,1368604102989541376,2,SC,2
33,1369269245704630276,8,SC,2
33,1369321348783345674,9,SC,4
33,1369356888568197133,3,SC,3
33,1369362400403726350,4,SC,4
33,1369366150237351943,10,SC,3
33,1369450685708857348,7,SC,3
33,1369547940017147907,1,SC,3
33,1369566623913369603,6,SC,4
33,1369605923732393985,5,SC,2
33,1364311211194675203,10,B1,3
33,1368835740529000449,5,B1,4
33,1368856158010810369,2,B1,4
33,1368978600964349955,6,B1,4
33,1369113689845022721,8,B1,2
33,1369207595785977860,9,B1,4
33,1369343506939019269,1,B1,4
33,1369552733536219138,7,B1,4
33,1369590734672760836,3,B1,4
33,1369598009084887043,4,B1,3
34,1362776603047165957,4,CS,2
34,1369048387815899139,9,CS,3
34,1369298875719311360,5,CS,4
34,1369311531360518146,1,CS,3
34,1369326799709212680,8,CS,3
34,1369355243406954501,10,CS,3
34,1369375444793954323,3,CS,2
34,1369400194513723396,7,CS,1
34,1369405604595400711,2,CS,3
34,1369441796925886465,6,CS,4
34,1368622654870192131,5,CS+AS,2
34,1369015794248671233,7,CS+AS,2
34,1369226601972563972,6,CS+AS,2
34,1369315042236174343,1,CS+AS,4
34,1369395335769038849,2,CS+AS,4
34,1369438033892806663,8,CS+AS,4
34,1369441382973272064,4,CS+AS,4
34,1369458171467591683,3,CS+AS,2
34,1369495249417101312,10,CS+AS,3
34,1369619124318580736,9,CS+AS,4
34,1369270015699136512,10,SC,2
34,1369404129643216897,8,SC,3
34,1369460521846575104,9,SC,2
34,1369460811760988160,1,SC,4
34,1369475595466375169,7,SC,3
34,1369536457992470528,3,SC,4
34,1369585318521802763,2,SC,4
34,1369968831666487296,6,SC,3
34,1370017497710215170,4,SC,2
34,1370057097107345411,5,SC,3
34,1364311211194675203,8,B1,3
34,1367190653269073930,9,B1,5
34,1368607437310353408,10,B1,2
34,1368835740529000449,4,B1,4
34,1368856158010810369,2,B1,3
34,1369500754000699392,7,B1,3
34,1369552733536219138,5,B1,3
34,1369590734672760836,3,B1,4
34,1369617111014924289,1,B1,3
34,1370098415938498560,6,B1,4
35,1151605021345083392,8,CS,4
35,1265629710941388800,9,CS,1
35,1317842770816602114,5,CS,2
35,1344689933978656771,3,CS,1
35,1349377838722519040,1,CS,3
35,1349380288783253504,2,CS,3
35,1354118501653483523,6,CS,1
35,1357381035852521474,10,CS,1
35,1361046993158692866,7,CS,2
35,1362776603047165957,4,CS,3
35,1339525827118194689,1,CS+AS,3
35,1353672852747284480,10,CS+AS,2
35,1362196066431627265,3,CS+AS,3
35,1362484293650567168,8,CS+AS,3
35,1364697022847209478,5,CS+AS,3
35,1367496989215248388,7,CS+AS,2
35,1368744769686540290,9,CS+AS,2
35,1368760443498532864,6,CS+AS,2
35,1368777274506571779,2,CS+AS,1
35,1369458171467591683,4,CS+AS,1
35,1152351180225335296,4,SC,2
35,1189249540412624898,3,SC,2
35,1272336376927666176,5,SC,2
35,1285629613067038720,2,SC,2
35,1287306318961872896,9,SC,1
35,1322493521245298689,1,SC,1
35,1330209367002472448,6,SC,1
35,1337396723610771457,8,SC,1
35,1362483585169686531,7,SC,2
35,1363561378552958976,10,SC,3
35,1273723492186443782,5,B1,3
35,1332444252895404033,9,B1,1
35,1340976808989241344,1,B1,2
35,1352326523026632706,4,B1,1
35,1365315694167011328,10,B1,1
35,1366296962409123843,8,B1,2
35,1367617268734164992,2,B1,1
35,1368776591388647424,3,B1,1
35,1368939573586386945,6,B1,2
35,1368954564133654529,7,B1,1
36,1095067826061262848,6,CS,4
36,1182112257708306433,3,CS,4
36,1273231711908872193,1,CS,4
36,1336059119174897665,9,CS,4
36,1338584496489172992,8,CS,4
36,1350483251291451392,2,CS,5
36,1359597695548153864,4,CS,4
36,1364683920965578753,5,CS,3
36,1365320876510560258,7,CS,5
36,1366561763962073092,10,CS,3
36,1321455751567532032,9,CS+AS,5
36,1333873034114064385,3,CS+AS,5
36,1343729046891347968,8,CS+AS,3
36,1347619092417548288,10,CS+AS,5
36,1359932980974657536,5,CS+AS,5
36,1360346403873181707,2,CS+AS,5
36,1362069293790162946,6,CS+AS,4
36,1362872757109809152,1,CS+AS,3
36,1364624807220948994,7,CS+AS,3
36,1366115959623331844,4,CS+AS,3
36,1.05562E+18,4,SC,4
36,1146224584443727872,9,SC,3
36,1254427280794845185,3,SC,5
36,1263620338790944769,2,SC,5
36,1306401710386982912,6,SC,3
36,1307801712107966476,10,SC,5
36,1319321276171759617,1,SC,5
36,1327711653828337665,8,SC,5
36,1334214244632580097,7,SC,4
36,1358024709137432577,5,SC,5
36,1275492317013479424,10,B1,5
36,1292597118763319296,1,B1,5
36,1322191082235506689,7,B1,5
36,1322221808913928193,5,B1,4
36,1322229311718494210,4,B1,4
36,1337774207971684352,9,B1,5
36,1341790679945670656,8,B1,4
36,1357735941637603331,2,B1,5
36,1363548342832218116,3,B1,5
36,1365001111946420226,6,B1,4
36,1317842770816602114,10,CS,5
36,1344689933978656771,4,CS,5
36,1364666742916583427,8,CS,5
36,1365315820080009221,3,CS,5
36,1366443197166096385,9,CS,3
36,1367300793485828097,5,CS,5
36,1367521202042933249,1,CS,5
36,1369075493753020420,6,CS,4
36,1369075561981566976,7,CS,4
36,1369325020258983936,2,CS,5
36,1336793663792406530,8,CS+AS,5
36,1337077938076979205,5,CS+AS,5
36,1354118501653483523,6,CS+AS,3
36,1363941648812675075,3,CS+AS,3
36,1364607745270423556,2,CS+AS,5
36,1365327872643260420,4,CS+AS,5
36,1367315410106736640,9,CS+AS,5
36,1367894335233142789,1,CS+AS,3
36,1368286394792046596,10,CS+AS,5
36,1369383214062665731,7,CS+AS,5
36,1320726746329743363,4,SC,5
36,1330948472992776193,1,SC,5
36,1337102280059834370,6,SC,5
36,1338550048892710913,3,SC,5
36,1350865539091066881,9,SC,5
36,1352017720578105346,7,SC,5
36,1359973359568625670,8,SC,5
36,1363914797335543811,10,SC,5
36,1365731424322478084,5,SC,5
36,1369087867939659782,2,SC,5
36,1151160990995746816,4,B1,5
36,1312476369830338561,7,B1,3
36,1317087904569741312,8,B1,5
36,1326208392923410432,1,B1,5
36,1343240225129168898,5,B1,5
36,1350201158426648581,2,B1,5
36,1356659266732650498,6,B1,3
36,1359943678354092032,10,B1,5
36,1362913607105736706,9,B1,5
36,1367610810789326850,3,B1,5
37,1294010972055592962,8,CS,4
37,1317842770816602114,7,CS,2
37,1331748997124534274,4,CS,5
37,1337020338916499463,3,CS,4
37,1337021907464499204,9,CS,5
37,1337022746824499203,10,CS,4
37,1344689933978656771,1,CS,1
37,1354545532044075013,5,CS,1
37,1355167587638906880,6,CS,3
37,1362083047785439239,2,CS,4
37,1331744604891344896,6,CS+AS,4
37,1337463904566456320,5,CS+AS,4
37,1339525827118194689,8,CS+AS,5
37,1351920546011893761,2,CS+AS,4
37,1353502767352926208,1,CS+AS,3
37,1354118501653483523,4,CS+AS,1
37,1357375687967997959,10,CS+AS,3
37,1364321423901085698,7,CS+AS,1
37,1365416645624143873,3,CS+AS,2
37,1368984433026596867,9,CS+AS,3
37,1152354497189965824,9,SC,1
37,1328065268942336000,10,SC,4
37,1329150877941305345,2,SC,3
37,1331689113494446085,7,SC,1
37,1349775316366090242,1,SC,4
37,1351923223638794246,4,SC,1
37,1356264437729124353,6,SC,1
37,1364320994337427461,3,SC,3
37,1365407295384018947,5,SC,1
37,1367114880378146824,8,SC,1
37,1189330936300756992,5,B1,2
37,1272338362909655040,6,B1,1
37,1298591876963078146,3,B1,1
37,1326902644322017281,7,B1,4
37,1333425556659064833,10,B1,1
37,1338474408743215106,4,B1,1
37,1357452896976179201,2,B1,1
37,1365319660405678081,9,B1,1
37,1368640454028386304,8,B1,3
37,1368703131652005888,1,B1,4
38,1349377838722519040,1,CS,5
38,1349380288783253504,2,CS,5
38,1353672852747284480,9,CS,5
38,1354011094751260673,8,CS,5
38,1362074171832958980,7,CS,3
38,1369298875719311360,5,CS,5
38,1369311531360518146,3,CS,5
38,1369315042236174343,10,CS,4
38,1369326799709212680,6,CS,5
38,1369405604595400711,4,CS,5
38,1359577321695547392,4,CS+AS,4
38,1361388306106318857,5,CS+AS,4
38,1361701236395958278,6,CS+AS,4
38,1364579317964034050,10,CS+AS,3
38,1365007905318133766,3,CS+AS,4
38,1366709656974942211,9,CS+AS,4
38,1366932843067277314,7,CS+AS,4
38,1369030160943611907,8,CS+AS,4
38,1369292125641269258,2,CS+AS,4
38,1369395335769038849,1,CS+AS,4
38,1329140321402445824,8,SC,5
38,1352922753565863936,5,SC,4
38,1361209516277174279,3,SC,5
38,1363322581076619265,6,SC,5
38,1367625947462184961,2,SC,5
38,1368999972792844292,1,SC,5
38,1369036451845869573,4,SC,5
38,1369181189932777474,9,SC,5
38,1369499281833537540,10,SC,5
38,1369521918412472320,7,SC,5
38,1352325551621595136,9,B1,5
38,1358819633629921283,10,B1,5
38,1363564146948665347,6,B1,4
38,1367766039254163458,8,B1,5
38,1368619226865471493,3,B1,5
38,1368849083201359873,7,B1,5
38,1368923387532369922,1,B1,5
38,1369038985188831234,5,B1,5
38,1369214396489170946,4,B1,5
38,1369498799673065473,2,B1,4
39,1349377838722519040,2,CS,5
39,1349380288783253504,1,CS,5
39,1364666742916583427,7,CS,3
39,1366443197166096385,8,CS,5
39,1367237010608431106,9,CS,5
39,1367300793485828097,4,CS,5
39,1367521202042933249,3,CS,5
39,1368641210533830657,10,CS,3
39,1369075493753020420,5,CS,5
39,1369075561981566976,6,CS,5
39,1283518830950510593,9,CS+AS,5
39,1317810926133874689,5,CS+AS,5
39,1318667750408036352,3,CS+AS,5
39,1363941648812675075,2,CS+AS,4
39,1364664823984779267,4,CS+AS,4
39,1367315410106736640,6,CS+AS,5
39,1367894335233142789,1,CS+AS,4
39,1368286394792046596,7,CS+AS,5
39,1369017812165881859,10,CS+AS,5
39,1369034842222985216,8,CS+AS,5
39,421376352319983617,4,SC,4
39,423131090803777536,9,SC,5
39,1364156801109938178,8,SC,4
39,1364908035932569600,7,SC,5
39,1366870970351427588,2,SC,5
39,1368487216775893000,5,SC,5
39,1368772235683586050,6,SC,3
39,1369135857110638592,3,SC,5
39,1369414843720208384,1,SC,4
39,1369575294806425603,10,SC,5
39,425668533293289472,1,B1,3
39,754011760257069056,9,B1,5
39,1252286536738934786,8,B1,3
39,1258788139159613441,7,B1,2
39,1287526789707776000,5,B1,2
39,1291859496826843137,6,B1,3
39,1356685006916079616,4,B1,2
39,1359863795586396168,2,B1,4
39,1364897061083127808,10,B1,3
39,1369362392749121542,3,B1,4
40,1294010972055592962,7,CS,5
40,1331748997124534274,5,CS,2
40,1337020338916499463,4,CS,5
40,1337021907464499204,8,CS,5
40,1337022746824499203,10,CS,5
40,1350483251291451392,9,CS,5
40,1355167587638906880,6,CS,2
40,1362083047785439239,3,CS,3
40,1365113385658970113,2,CS,2
40,1366167129754537984,1,CS,2
40,1331741612402237443,9,CS+AS,5
40,1331744604891344896,6,CS+AS,2
40,1337463904566456320,5,CS+AS,3
40,1351920546011893761,3,CS+AS,5
40,1353502767352926208,2,CS+AS,2
40,1354565152939544576,1,CS+AS,1
40,1357375687967997959,7,CS+AS,5
40,1358843515149504514,8,CS+AS,2
40,1358843677582401536,10,CS+AS,2
40,1365416645624143873,4,CS+AS,5
40,1319756701126459398,4,SC,5
40,1320019327425286144,10,SC,5
40,1336775151128518656,5,SC,5
40,1337106387751620613,3,SC,1
40,1338592930022363139,1,SC,5
40,1341428444190617600,6,SC,2
40,1341514552819724288,9,SC,3
40,1354759783157534720,8,SC,2
40,1359946667429093378,7,SC,2
40,1363945864633401344,2,SC,5
40,1311355905120690176,10,B1,5
40,1323342666361430019,9,B1,5
40,1324782095177306119,7,B1,5
40,1329846979401191424,2,B1,1
40,1331202835334225920,4,B1,1
40,1337411829853802496,1,B1,5
40,1351182747721748487,3,B1,1
40,1355908706026758144,5,B1,5
40,1357369869222690817,8,B1,2
40,1360611979879186438,6,B1,2
41,1317842770816602114,9,CS,4
41,1344689933978656771,2,CS,4
41,1362776603047165957,8,CS,1
41,1364666742916583427,6,CS,4
41,1366443197166096385,7,CS,3
41,1367237010608431106,10,CS,3
41,1367300793485828097,3,CS,4
41,1367521202042933249,1,CS,4
41,1369075493753020420,4,CS,5
41,1369075561981566976,5,CS,5
41,1339525827118194689,7,CS+AS,4
41,1354118501653483523,3,CS+AS,3
41,1363941648812675075,2,CS+AS,3
41,1367315410106736640,4,CS+AS,1
41,1367604109113655297,9,CS+AS,2
41,1367894335233142789,1,CS+AS,3
41,1367930915733835777,10,CS+AS,2
41,1368286394792046596,5,CS+AS,1
41,1369017812165881859,8,CS+AS,3
41,1369034842222985216,6,CS+AS,2
41,1291753980247375873,5,SC,4
41,1339201502443941888,4,SC,1
41,1360941923746349059,2,SC,2
41,1364711711891206151,10,SC,5
41,1365710371206488066,9,SC,5
41,1366605872718245891,6,SC,3
41,1366833538985721860,8,SC,3
41,1367236110196244482,3,SC,1
41,1367244848978227201,1,SC,1
41,1369312286674878465,7,SC,3
41,1189330936300756992,7,B1,5
41,1298591876963078146,6,B1,2
41,1326208392923410432,1,B1,3
41,1331689113494446085,10,B1,3
41,1338474408743215106,5,B1,3
41,1356659266732650498,2,B1,2
41,1365020984802217996,4,B1,1
41,1365319660405678081,8,B1,3
41,1367323565008154630,3,B1,1
41,1368640454028386304,9,B1,1
41,1294010972055592962,7,CS,1
41,1331748997124534274,3,CS,3
41,1334726779903168512,10,CS,1
41,1337020338916499463,2,CS,1
41,1337021907464499204,8,CS,1
41,1337022746824499203,9,CS,2
41,1354545532044075013,5,CS,4
41,1355167587638906880,6,CS,2
41,1362083047785439239,1,CS,4
41,1362776603047165957,4,CS,2
41,1331741612402237443,10,CS+AS,1
41,1331744604891344896,5,CS+AS,1
41,1337463904566456320,4,CS+AS,1
41,1351920546011893761,2,CS+AS,2
41,1353502767352926208,1,CS+AS,1
41,1357375687967997959,8,CS+AS,2
41,1358843515149504514,9,CS+AS,1
41,1364321423901085698,6,CS+AS,3
41,1365416645624143873,3,CS+AS,2
41,1368984433026596867,7,CS+AS,3
41,1316771044049391617,5,SC,1
41,1342918732486594560,3,SC,3
41,1350629002302550016,7,SC,1
41,1356407112385982464,1,SC,1
41,1361140001791037440,10,SC,1
41,1366205703392665603,6,SC,4
41,1367295825731227650,2,SC,1
41,1367522051762757632,4,SC,3
41,1368740848913973255,8,SC,1
41,1368999845856436224,9,SC,3
41,1290659734639521798,10,B1,2
41,1340930237819924480,2,B1,2
41,1346507839909445632,1,B1,3
41,1352028901229395970,4,B1,1
41,1355577264512008192,5,B1,4
41,1357382231816359939,9,B1,2
41,1357714688994390016,6,B1,2
41,1363671397575266308,3,B1,1
41,1366222136591872000,8,B1,4
41,1367890477849210881,7,B1,1
42,1248251408333172738,3,CS,2
42,1248277743118086144,1,CS,2
42,1364666742916583427,8,CS,5
42,1366443197166096385,10,CS,5
42,1367300793485828097,4,CS,1
42,1367521202042933249,2,CS,5
42,1368080635655450627,9,CS,5
42,1369075493753020420,5,CS,2
42,1369075561981566976,7,CS,2
42,1369169111478005763,6,CS,2
42,1288988861092245505,7,CS+AS,1
42,1354545532044075013,5,CS+AS,2
42,1363941648812675075,2,CS+AS,5
42,1367315410106736640,8,CS+AS,1
42,1367894335233142789,1,CS+AS,5
42,1367946026674352134,4,CS+AS,5
42,1367947939579006979,3,CS+AS,5
42,1367949455262060544,6,CS+AS,2
42,1368286394792046596,9,CS+AS,1
42,1369034842222985216,10,CS+AS,1
42,1242185573193768960,2,SC,5
42,1283200387101712384,9,SC,1
42,1316378741061320711,8,SC,5
42,1325114525104758784,5,SC,1
42,1350632339206901761,3,SC,2
42,1356256641814065162,6,SC,5
42,1361692398867402752,1,SC,5
42,1364632186884939780,10,SC,1
42,1367351364477624321,7,SC,5
42,1369104826869506049,4,SC,2
42,1313580109727584256,7,B1,1
42,1326177511684919300,4,B1,2
42,1342687407326580737,6,B1,5
42,1363947240369229825,10,B1,5
42,1368116399097344003,3,B1,5
42,1368453072666521600,5,B1,5
42,1369101047826841604,8,B1,1
42,1369148238138208257,2,B1,1
42,1369362392749121542,1,B1,1
42,1369418368554569728,9,B1,1
43,1294010972055592962,6,CS,5
43,1331748997124534274,4,CS,5
43,1334726779903168512,10,CS,5
43,1337020338916499463,3,CS,5
43,1337021907464499204,7,CS,5
43,1337022746824499203,9,CS,5
43,1350483251291451392,8,CS,5
43,1355167587638906880,5,CS,5
43,1362083047785439239,1,CS,5
43,1368245651046207493,2,CS,5
43,1331741612402237443,9,CS+AS,5
43,1331744604891344896,5,CS+AS,3
43,1337463904566456320,4,CS+AS,3
43,1351920546011893761,2,CS+AS,3
43,1353502767352926208,1,CS+AS,5
43,1357375687967997959,7,CS+AS,3
43,1358843515149504514,8,CS+AS,3
43,1358843677582401536,10,CS+AS,5
43,1365416645624143873,3,CS+AS,3
43,1368933410085945345,6,CS+AS,3
43,1290389884927000582,5,SC,2
43,1316909183225286657,4,SC,2
43,1332420899471990786,10,SC,3
43,1334706123971162115,2,SC,2
43,1334724211689074688,3,SC,2
43,1349775316366090242,8,SC,2
43,1358058477785120769,7,SC,2
43,1359547910619344904,6,SC,2
43,1363674987626856448,1,SC,2
43,1365178104310763520,9,SC,2
43,1336324934688116743,6,B1,2
43,1338944728969035776,5,B1,2
43,1354547483083329538,10,B1,2
43,1357714688994390016,8,B1,2
43,1359185296382779393,9,B1,2
43,1360638198573981696,1,B1,2
43,1363548342832218116,3,B1,2
43,1366208806535892995,7,B1,2
43,1367629682439454722,4,B1,2
43,1367946423736537089,2,B1,2
44,1283912982200631298,8,CS,5
44,1317842770816602114,3,CS,5
44,1318667750408036352,9,CS,5
44,1344689933978656771,1,CS,5
44,1354118501653483523,6,CS,4
44,1369048387815899139,7,CS,5
44,1369355243406954501,10,CS,5
44,1369375444793954323,2,CS,5
44,1369400194513723396,5,CS,5
44,1369441796925886465,4,CS,5
44,1283518830950510593,3,CS+AS,5
44,1291862297665626112,7,CS+AS,5
44,1303840025000509448,5,CS+AS,3
44,1317810926133874689,2,CS+AS,5
44,1317811466339221509,10,CS+AS,4
44,1327398719789150214,8,CS+AS,5
44,1339525827118194689,4,CS+AS,5
44,1364664823984779267,1,CS+AS,3
44,1368217898095964166,6,CS+AS,5
44,1368777274506571779,9,CS+AS,2
44,1369102305748992003,2,SC,2
44,1369332550347407367,9,SC,5
44,1369377939381497859,7,SC,5
44,1369398802537476096,10,SC,3
44,1369434342053806090,5,SC,2
44,1369449199343960065,6,SC,5
44,1369457998523949060,4,SC,5
44,1369546496165765121,1,SC,3
44,1369609984468783107,3,SC,3
44,1370028580516732943,8,SC,3
44,425668533293289472,4,B1,3
44,1253009440107720704,10,B1,5
44,1258788139159613441,8,B1,4
44,1287526789707776000,6,B1,2
44,1291859496826843137,9,B1,4
44,1326208392923410432,1,B1,5
44,1356685006916079616,5,B1,2
44,1359863795586396168,2,B1,3
44,1369041862414241800,7,B1,3
44,1369343506939019269,3,B1,3
45,1241401189721350145,7,CS,3
45,1242106541999783936,1,CS,4
45,1303249708169613313,4,CS,5
45,1308393354120421376,6,CS,5
45,1324374402750767104,9,CS,5
45,1327954760251662337,3,CS,5
45,1362360519626227713,5,CS,4
45,1367462925250818061,10,CS,4
45,1368909409775149064,8,CS,4
45,1368932010971004931,2,CS,5
45,1167050866521780224,4,CS+AS,3
45,1234157609395146753,8,CS+AS,3
45,1319343716801236992,10,CS+AS,5
45,1319402828285108225,6,CS+AS,5
45,1328417466272321537,2,CS+AS,5
45,1334044250942676993,7,CS+AS,4
45,1340409077751566338,3,CS+AS,3
45,1350843455128399879,5,CS+AS,3
45,1351283213403095045,1,CS+AS,5
45,1367971795790397440,9,CS+AS,5
45,1174371887159242752,8,SC,4
45,1179754999171047425,9,SC,5
45,1264644362731913216,2,SC,5
45,1269780932891774976,3,SC,4
45,1330308453508800527,7,SC,3
45,1335107635767439361,5,SC,4
45,1353755766625234944,10,SC,5
45,1358213026541834240,1,SC,4
45,1359267423346716677,6,SC,4
45,1366899538502426633,4,SC,5
45,1184016623394590721,4,B1,4
45,1228653223269076992,10,B1,3
45,1310595678226219015,5,B1,3
45,1327627598726377475,9,B1,4
45,1338619251050115072,1,B1,2
45,1344344721506885641,7,B1,3
45,1345706642080493568,8,B1,3
45,1361708535294255106,3,B1,3
45,1365659227256098816,2,B1,3
45,1367430380463267844,6,B1,3
46,1362776603047165957,4,CS,5
46,1369048387815899139,9,CS,4
46,1369298875719311360,5,CS,5
46,1369311531360518146,1,CS,5
46,1369326799709212680,8,CS,5
46,1369355243406954501,10,CS,2
46,1369375444793954323,3,CS,5
46,1369400194513723396,7,CS,5
46,1369405604595400711,2,CS,5
46,1369441796925886465,6,CS,5
46,1368622654870192131,5,CS+AS,3
46,1369015794248671233,7,CS+AS,3
46,1369226601972563972,6,CS+AS,3
46,1369315042236174343,1,CS+AS,3
46,1369395335769038849,2,CS+AS,3
46,1369438033892806663,8,CS+AS,4
46,1369441382973272064,4,CS+AS,4
46,1369458171467591683,3,CS+AS,4
46,1369495249417101312,10,CS+AS,4
46,1369619124318580736,9,CS+AS,4
46,1368340015001042945,5,SC,4
46,1369106243755900928,9,SC,3
46,1369121138861891587,3,SC,2
46,1369332242410049546,8,SC,5
46,1369432600448745472,1,SC,3
46,1369440894961786880,4,SC,4
46,1369498268011552768,10,SC,3
46,1369551925285449729,6,SC,3
46,1369593103208886276,2,SC,3
46,1369596392834932746,7,SC,4
46,1368835740529000449,7,B1,4
46,1368856158010810369,5,B1,5
46,1368923387532369922,2,B1,3
46,1369038985188831234,1,B1,3
46,1369343506939019269,4,B1,3
46,1369482917248970754,3,B1,3
46,1369483145129713665,10,B1,4
46,1369552733536219138,9,B1,4
46,1369590734672760836,6,B1,4
46,1369619151506071561,8,B1,3
47,1294010972055592962,9,CS,5
47,1331748997124534274,6,CS,5
47,1337020338916499463,4,CS,5
47,1337021907464499204,10,CS,5
47,1355167587638906880,8,CS,1
47,1362083047785439239,3,CS,5
47,1368932010971004931,1,CS,5
47,1369298875719311360,7,CS,5
47,1369311531360518146,2,CS,5
47,1369405604595400711,5,CS,5
47,1331741612402237443,9,CS+AS,5
47,1331744604891344896,6,CS+AS,5
47,1337022746824499203,1,CS+AS,5
47,1337463904566456320,5,CS+AS,5
47,1351920546011893761,3,CS+AS,5
47,1353502767352926208,2,CS+AS,5
47,1357375687967997959,7,CS+AS,1
47,1358843515149504514,8,CS+AS,5
47,1358843677582401536,10,CS+AS,5
47,1365416645624143873,4,CS+AS,5
47,1349775316366090242,3,SC,3
47,1367862841907294209,1,SC,5
47,1368174374247923712,4,SC,5
47,1368234120082554894,2,SC,5
47,1368487188724350976,5,SC,5
47,1369276490832023555,7,SC,5
47,1369347272975282184,9,SC,5
47,1369391021642158086,10,SC,5
47,1369397637267488772,8,SC,5
47,1369411191316025345,6,SC,5
47,1360638198573981696,3,B1,2
47,1367500677002452992,5,B1,5
47,1367557867260289032,1,B1,5
47,1368116641360384005,4,B1,5
47,1368157353695121412,9,B1,5
47,1368241591299760129,6,B1,5
47,1368577180557406208,2,B1,5
47,1368982192194519043,10,B1,5
47,1369007428696743936,7,B1,5
47,1369359775230812163,8,B1,5
48,1294355303329341442,8,CS,5
48,1322257265496334336,6,CS,5
48,1322257618178609153,1,CS,4
48,1325738196374876161,9,CS,5
48,1368610152081985537,5,CS,4
48,1369054744786989056,4,CS,4
48,1369297616245231638,2,CS,4
48,1369311531360518146,3,CS,5
48,1369375444793954323,10,CS,5
48,1369405604595400711,7,CS,5
48,1299756201509613568,2,CS+AS,3
48,1325498916847153153,10,CS+AS,5
48,1347166067995660290,7,CS+AS,2
48,1363181398908141579,3,CS+AS,3
48,1368177229285502976,5,CS+AS,4
48,1368271872002035713,4,CS+AS,4
48,1368300490895818755,6,CS+AS,4
48,1368494502336475136,9,CS+AS,4
48,1369367452661014538,8,CS+AS,4
48,1369441796925886465,1,CS+AS,5
48,1369294887481450502,2,SC,5
48,1369321844449361921,1,SC,5
48,1369456184554569731,5,SC,5
48,1369460712054153219,3,SC,5
48,1369489233153515523,8,SC,5
48,1369517501248372738,4,SC,5
48,1369528480627650560,7,SC,5
48,1369570003729649671,9,SC,5
48,1369570221162459143,10,SC,5
48,1369592804683419651,6,SC,5
48,956689717608595456,6,B1,2
48,1054037653379670016,8,B1,2
48,1253046974389067776,4,B1,1
48,1299377724415500293,5,B1,3
48,1334986629560344579,10,B1,2
48,1344756801242357768,2,B1,5
48,1349071385360887808,9,B1,3
48,1367487878259957765,7,B1,2
48,1369453000570310660,3,B1,5
48,1369559064485715968,1,B1,5
49,1294355303329341442,7,CS,5
49,1303249708169613313,9,CS,2
49,1322257265496334336,6,CS,3
49,1322257618178609153,2,CS,2
49,1325738196374876161,8,CS,1
49,1368271872002035713,10,CS,5
49,1368610152081985537,5,CS,5
49,1368932010971004931,1,CS,5
49,1369054744786989056,4,CS,5
49,1369297616245231638,3,CS,5
49,1299756201509613568,3,CS+AS,1
49,1322257265496334336,9,CS+AS,2
49,1322257618178609153,2,CS+AS,5
49,1324374402750767104,4,CS+AS,5
49,1363181398908141579,6,CS+AS,1
49,1368177229285502976,10,CS+AS,5
49,1368271872002035713,8,CS+AS,5
49,1368932010971004931,1,CS+AS,5
49,1369054744786989056,7,CS+AS,2
49,1369297616245231638,5,CS+AS,1
49,1183046883347841024,7,SC,5
49,1184552999428866048,10,SC,5
49,1259322582949679104,2,SC,5
49,1271193376147177472,6,SC,5
49,1273665566763433984,8,SC,5
49,1306044998408904704,1,SC,5
49,1316050559518949376,5,SC,5
49,1334926517722378242,4,SC,3
49,1368483092252401666,9,SC,5
49,1368669282452840452,3,SC,2
49,956689717608595456,6,B1,2
49,1187825368067117057,10,B1,5
49,1253046974389067776,5,B1,5
49,1299377724415500293,7,B1,2
49,1301614505823141888,9,B1,5
49,1310279026741841922,8,B1,5
49,1320101239363809280,4,B1,1
49,1344756801242357768,3,B1,1
49,1357749874645749765,1,B1,5
49,1366842371724476422,2,B1,1
50,1317842770816602114,4,CS,5
50,1344689933978656771,2,CS,5
50,1354118501653483523,9,CS,4
50,1367462925250818061,6,CS,5
50,1368909409775149064,5,CS,5
50,1368932010971004931,1,CS,5
50,1369048387815899139,10,CS,5
50,1369375444793954323,3,CS,4
50,1369400194513723396,8,CS,4
50,1369441796925886465,7,CS,5
50,1339525827118194689,1,CS+AS,4
50,1361046993158692866,4,CS+AS,5
50,1362196066431627265,5,CS+AS,4
50,1364697022847209478,8,CS+AS,5
50,1367113993815547906,6,CS+AS,5
50,1367497561645457427,10,CS+AS,3
50,1368561200754270210,7,CS+AS,5
50,1368760443498532864,9,CS+AS,5
50,1368777274506571779,2,CS+AS,5
50,1369355243406954501,3,CS+AS,4
50,1368697794417065992,9,SC,4
50,1369189230489001991,6,SC,4
50,1369266567423397891,5,SC,4
50,1369425009303822344,2,SC,4
50,1369430517381267460,1,SC,3
50,1369469059427893249,8,SC,4
50,1369559628183445504,4,SC,3
50,1369569992732250114,10,SC,4
50,1369596898127077379,7,SC,2
50,1369617901678964736,3,SC,3
50,1326208392923410432,2,B1,3
50,1342500356316667904,9,B1,3
50,1356659266732650498,5,B1,5
50,1367491019277799427,8,B1,5
50,1368939918727278599,7,B1,5
50,1369343506939019269,1,B1,5
50,1369434342053806090,4,B1,3
50,1369597995499593729,10,B1,4
50,1369614780676399108,6,B1,3
50,1369621841204088832,3,B1,3
51,1317842770816602114,9,CS,5
51,1344689933978656771,2,CS,1
51,1354545532044075013,8,CS,1
51,1364666742916583427,6,CS,5
51,1366443197166096385,7,CS,5
51,1367237010608431106,10,CS,5
51,1367300793485828097,3,CS,1
51,1367521202042933249,1,CS,5
51,1369075493753020420,4,CS,2
51,1369075561981566976,5,CS,2
51,1339525827118194689,8,CS+AS,5
51,1354118501653483523,3,CS+AS,5
51,1363941648812675075,2,CS+AS,1
51,1364321423901085698,7,CS+AS,1
51,1367315410106736640,4,CS+AS,1
51,1367894335233142789,1,CS+AS,1
51,1368286394792046596,5,CS+AS,1
51,1368984433026596867,9,CS+AS,1
51,1369017812165881859,10,CS+AS,5
51,1369034842222985216,6,CS+AS,1
51,1315366562069700616,2,SC,2
51,1327280720084164608,4,SC,3
51,1328413175620964353,10,SC,5
51,1330194382914514949,6,SC,5
51,1366768521854656512,1,SC,5
51,1366830686498217984,8,SC,5
51,1367197078829506565,5,SC,5
51,1368747076528578560,3,SC,3
51,1368751184434040836,7,SC,3
51,1369056709117808640,9,SC,5
51,1189330936300756992,9,B1,5
51,1293138169832103936,3,B1,2
51,1298591876963078146,8,B1,5
51,1326208392923410432,1,B1,5
51,1338474408743215106,7,B1,5
51,1344946472618344448,5,B1,5
51,1356659266732650498,4,B1,5
51,1366963364975452162,10,B1,2
51,1367214902624980995,6,B1,5
51,1369362392749121542,2,B1,1
53,1354545532044075013,9,CS,1
53,1364666742916583427,7,CS,1
53,1365315820080009221,3,CS,2
53,1366443197166096385,8,CS,1
53,1367237010608431106,10,CS,1
53,1367300793485828097,4,CS,1
53,1367521202042933249,1,CS,1
53,1369075493753020420,5,CS,4
53,1369075561981566976,6,CS,4
53,1369325020258983936,2,CS,2
53,1336793663792406530,7,CS+AS,1
53,1337077938076979205,5,CS+AS,1
53,1363941648812675075,3,CS+AS,1
53,1364607745270423556,2,CS+AS,1
53,1365327872643260420,4,CS+AS,1
53,1367315410106736640,8,CS+AS,1
53,1367894335233142789,1,CS+AS,1
53,1368286394792046596,9,CS+AS,1
53,1369034842222985216,10,CS+AS,1
53,1369383214062665731,6,CS+AS,1
53,1361767244125110275,2,SC,1
53,1365708399791505416,3,SC,1
53,1366209721124839425,4,SC,2
53,1366827740175896578,7,SC,1
53,1367212776641359872,1,SC,1
53,1367243228701892609,5,SC,1
53,1367912923641737216,8,SC,1
53,1368614821147598851,10,SC,1
53,1369050447797907460,9,SC,1
53,1369459006129930241,6,SC,1
53,1305204600228573184,6,B1,1
53,1366247302843621377,8,B1,2
53,1366458502986694658,10,B1,1
53,1367244848978227201,2,B1,1
53,1367323565008154630,1,B1,1
53,1368239051979943936,7,B1,1
53,1368561876972494852,9,B1,1
53,1368652673935933450,3,B1,1
53,1369025685893738496,5,B1,1
53,1369040473008996353,4,B1,3
54,1317842770816602114,9,CS,5
54,1344689933978656771,2,CS,4
54,1354545532044075013,8,CS,3
54,1364666742916583427,6,CS,3
54,1366443197166096385,7,CS,5
54,1367237010608431106,10,CS,3
54,1367300793485828097,3,CS,3
54,1367521202042933249,1,CS,5
54,1369075493753020420,4,CS,3
54,1369075561981566976,5,CS,3
54,1339525827118194689,8,CS+AS,3
54,1354118501653483523,3,CS+AS,4
54,1363941648812675075,2,CS+AS,2
54,1364321423901085698,7,CS+AS,4
54,1367315410106736640,4,CS+AS,2
54,1367894335233142789,1,CS+AS,2
54,1368286394792046596,5,CS+AS,4
54,1368984433026596867,9,CS+AS,3
54,1369017812165881859,10,CS+AS,3
54,1369034842222985216,6,CS+AS,4
54,1277164459446931456,5,SC,2
54,1326615477037142016,8,SC,2
54,1366425498226593793,4,SC,3
54,1367243228701892609,2,SC,5
54,1367532286359445510,7,SC,2
54,1367548427370786816,9,SC,5
54,1367837304509915140,10,SC,5
54,1368614821147598851,3,SC,1
54,1369050447797907460,1,SC,2
54,1369459006129930241,6,SC,2
54,1273919207038693376,5,B1,5
54,1326208392923410432,3,B1,5
54,1356659266732650498,4,B1,5
54,1362454325876969478,10,B1,1
54,1366963364975452162,7,B1,1
54,1367212796631416832,9,B1,2
54,1368970511175151620,6,B1,5
54,1368971556320206848,8,B1,2
54,1368976123896336389,1,B1,5
54,1369362392749121542,2,B1,5
55,1294355303329341442,8,CS,4
55,1322257265496334336,7,CS,4
55,1322257618178609153,2,CS,5
55,1325738196374876161,9,CS,4
55,1368245651046207493,5,CS,4
55,1368271872002035713,10,CS,4
55,1368610152081985537,6,CS,4
55,1368932010971004931,1,CS,5
55,1369054744786989056,4,CS,4
55,1369297616245231638,3,CS,4
55,1299756201509613568,1,CS+AS,5
55,1325498916847153153,8,CS+AS,5
55,1346121159134343168,10,CS+AS,5
55,1347166067995660290,5,CS+AS,5
55,1363181398908141579,2,CS+AS,5
55,1368177229285502976,3,CS+AS,5
55,1368300490895818755,4,CS+AS,5
55,1368494502336475136,7,CS+AS,5
55,1368933410085945345,9,CS+AS,5
55,1369367452661014538,6,CS+AS,5
55,1251269832122777600,2,SC,5
55,1299755874915942401,7,SC,5
55,1366585340849491972,5,SC,5
55,1366604627689496580,1,SC,5
55,1367266920689459202,4,SC,5
55,1367288053547626496,9,SC,5
55,1367842722678247427,10,SC,5
55,1367862841907294209,6,SC,5
55,1368174374247923712,8,SC,5
55,1369343726611529728,3,SC,5
55,956689717608595456,1,B1,5
55,1310279026741841922,8,B1,4
55,1366946573528100864,7,B1,4
55,1367170047081402380,9,B1,4
55,1367225773166190592,3,B1,5
55,1367245903472558081,10,B1,5
55,1367479945686093825,2,B1,5
55,1368607626494308354,4,B1,5
55,1368715397415964674,5,B1,3
55,1368753671568322564,6,B1,4
57,1286599815967776768,9,CS,5
57,1300884239626522624,1,CS,5
57,1351483359244005376,3,CS,5
57,1369298875719311360,6,CS,5
57,1369311531360518146,2,CS,5
57,1369326799709212680,10,CS,5
57,1369375444793954323,5,CS,5
57,1369400194513723396,8,CS,5
57,1369405604595400711,4,CS,5
57,1369441796925886465,7,CS,5
57,764216312134590466,3,CS+AS,4
57,1070275243552489472,10,CS+AS,4
57,1238211420388569088,8,CS+AS,5
57,1247840496569012225,1,CS+AS,4
57,1291094964185825281,5,CS+AS,5
57,1296511004063473667,6,CS+AS,5
57,1319651956579762176,4,CS+AS,5
57,1365047360934526982,9,CS+AS,4
57,1369315042236174343,2,CS+AS,4
57,1369395335769038849,7,CS+AS,4
57,1368935548694519808,10,SC,3
57,1369335967618904068,8,SC,3
57,1369407674366976007,1,SC,1
57,1369423783086460937,6,SC,3
57,1369433577339957248,7,SC,4
57,1369560664142970881,3,SC,4
57,1369563665867898882,5,SC,4
57,1369569728541425667,4,SC,4
57,1369572554969583617,9,SC,3
57,1369595394045444097,2,SC,3
57,762025473794867200,3,B1,3
57,1217178366597570560,8,B1,2
57,1257063194687832064,10,B1,5
57,1291098932987269128,4,B1,3
57,1323309743218282496,5,B1,3
57,1325467261239431170,9,B1,5
57,1337159750644080645,6,B1,3
57,1339313549626273793,7,B1,3
57,1368923387532369922,2,B1,4
57,1369038985188831234,1,B1,4
58,1349377838722519040,1,CS,5
58,1349380288783253504,2,CS,5
58,1362776603047165957,9,CS,5
58,1364666742916583427,7,CS,5
58,1366443197166096385,8,CS,5
58,1367237010608431106,10,CS,5
58,1367300793485828097,4,CS,5
58,1367521202042933249,3,CS,5
58,1369075493753020420,5,CS,5
58,1369075561981566976,6,CS,5
58,1363941648812675075,2,CS+AS,5
58,1367315410106736640,3,CS+AS,5
58,1367604109113655297,7,CS+AS,5
58,1367894335233142789,1,CS+AS,5
58,1367912923641737216,9,CS+AS,5
58,1367930915733835777,8,CS+AS,4
58,1368286394792046596,4,CS+AS,5
58,1368641210533830657,10,CS+AS,5
58,1369017812165881859,6,CS+AS,5
58,1369034842222985216,5,CS+AS,5
58,1360763643135070209,5,SC,3
58,1361311529392623617,6,SC,5
58,1362410505365839874,2,SC,5
58,1364274434111062018,1,SC,5
58,1365436528865005568,4,SC,5
58,1365979945470582784,3,SC,5
58,1366889537616498688,8,SC,3
58,1367536592617959425,7,SC,5
58,1367973079624876035,10,SC,5
58,1369090194847186944,9,SC,4
58,1300100975793901569,5,B1,5
58,1315366562069700616,10,B1,5
58,1360680119854104582,9,B1,5
58,1362945064209575938,8,B1,5
58,1366234614650478594,6,B1,5
58,1366239727402196996,7,B1,5
58,1367128088832745476,1,B1,5
58,1368614821147598851,2,B1,5
58,1369015063705612288,4,B1,5
58,1369339704588570624,3,B1,5
60,1317842770816602114,9,CS,5
60,1344689933978656771,2,CS,5
60,1354545532044075013,8,CS,5
60,1364666742916583427,6,CS,5
60,1366443197166096385,7,CS,5
60,1367237010608431106,10,CS,5
60,1367300793485828097,3,CS,5
60,1367521202042933249,1,CS,5
60,1369075493753020420,4,CS,5
60,1369075561981566976,5,CS,5
60,1339525827118194689,8,CS+AS,5
60,1354118501653483523,3,CS+AS,5
60,1363941648812675075,2,CS+AS,5
60,1364321423901085698,7,CS+AS,5
60,1367315410106736640,4,CS+AS,5
60,1367894335233142789,1,CS+AS,5
60,1368286394792046596,5,CS+AS,5
60,1368984433026596867,9,CS+AS,5
60,1369017812165881859,10,CS+AS,5
60,1369034842222985216,6,CS+AS,5
60,1145785172069146626,2,SC,5
60,1151158403135397888,1,SC,5
60,1340053869758394370,8,SC,5
60,1353781237882744833,4,SC,5
60,1365108564679790592,6,SC,5
60,1365693174493151234,5,SC,5
60,1366503879983030273,10,SC,5
60,1367236148385304576,7,SC,5
60,1367565062328623104,3,SC,5
60,1368328702002671626,9,SC,5
60,1273919207038693376,9,B1,5
60,1326208392923410432,1,B1,5
60,1342394653887369216,5,B1,5
60,1356659266732650498,4,B1,5
60,1361000829247963141,7,B1,5
60,1367214902624980995,10,B1,5
60,1367262209160736770,3,B1,5
60,1368760958261268480,6,B1,5
60,1369030162298400778,8,B1,5
60,1369362392749121542,2,B1,5
61,1242251884007534592,10,CS,4
61,1248251408333172738,2,CS,4
61,1248277743118086144,1,CS,3
61,1317842770816602114,8,CS,5
61,1344689933978656771,3,CS,4
61,1354545532044075013,7,CS,4
61,1367946026674352134,9,CS,5
61,1367947939579006979,6,CS,4
61,1368080635655450627,5,CS,4
61,1369169111478005763,4,CS,4
61,1242143080616087552,4,CS+AS,2
61,1288988861092245505,3,CS+AS,3
61,1339525827118194689,7,CS+AS,3
61,1354118501653483523,1,CS+AS,5
61,1357706176864129027,5,CS+AS,2
61,1358610352313757697,9,CS+AS,3
61,1358615407775649792,10,CS+AS,2
61,1364321423901085698,6,CS+AS,4
61,1367949455262060544,2,CS+AS,3
61,1368984433026596867,8,CS+AS,2
61,1245049389250273280,3,SC,2
61,1250915381646176262,8,SC,2
61,1261295911185068033,6,SC,5
61,1341859235756453889,7,SC,2
61,1349371181334474754,10,SC,4
61,1357670309525131266,1,SC,1
61,1366212322436423682,2,SC,2
61,1368017377036660737,9,SC,3
61,1368840460198838272,4,SC,1
61,1369453567367507968,5,SC,3
61,1242146375950675969,5,B1,3
61,1250919345955446784,6,B1,5
61,1326208392923410432,2,B1,4
61,1341013863110762496,9,B1,3
61,1354051463190732800,8,B1,4
61,1356659266732650498,3,B1,4
61,1357058139720478731,10,B1,4
61,1358793588382052358,1,B1,2
61,1359645020974845952,7,B1,5
61,1369148165471969284,4,B1,3
62,1294010972055592962,8,CS,3
62,1331748997124534274,5,CS,3
62,1337020338916499463,4,CS,3
62,1337021907464499204,9,CS,3
62,1337022746824499203,10,CS,3
62,1354545532044075013,6,CS,3
62,1355167587638906880,7,CS,3
62,1362083047785439239,3,CS,3
62,1365315820080009221,2,CS,3
62,1369325020258983936,1,CS,4
62,1331744604891344896,10,CS+AS,1
62,1336793663792406530,9,CS+AS,2
62,1337077938076979205,3,CS+AS,3
62,1337463904566456320,8,CS+AS,3
62,1351920546011893761,5,CS+AS,3
62,1353502767352926208,4,CS+AS,3
62,1364607745270423556,1,CS+AS,3
62,1365327872643260420,2,CS+AS,3
62,1365416645624143873,6,CS+AS,3
62,1369383214062665731,7,CS+AS,2
62,1319639717906821121,6,SC,3
62,1326957720759541761,8,SC,4
62,1337102280059834370,7,SC,3
62,1352017720578105346,10,SC,1
62,1357647227808841728,5,SC,3
62,1359935760627953665,3,SC,3
62,1359973359568625670,2,SC,3
62,1365731424322478084,9,SC,5
62,1366752653401853956,4,SC,5
62,1369308139158446081,1,SC,3
62,1198044435163967488,10,B1,4
62,1312476369830338561,1,B1,4
62,1334706123971162115,5,B1,4
62,1336517598029213698,8,B1,4
62,1336808991792525325,7,B1,4
62,1354081977062850561,2,B1,4
62,1362099968824254464,4,B1,4
62,1365346314956005378,6,B1,4
62,1366478355558780939,3,B1,4
62,1369374583598571524,9,B1,4
63,1359577321695547392,9,CS,5
63,1362074171832958980,7,CS,4
63,1362085735063572482,10,CS,5
63,1362776603047165957,2,CS,5
63,1369048387815899139,5,CS,5
63,1369355243406954501,6,CS,5
63,1369375444793954323,1,CS,4
63,1369400194513723396,4,CS,5
63,1369441796925886465,3,CS,4
63,1369614175048249346,8,CS,5
63,1361388306106318857,4,CS+AS,3
63,1361701236395958278,5,CS+AS,3
63,1364579317964034050,9,CS+AS,5
63,1365007905318133766,3,CS+AS,5
63,1366709656974942211,8,CS+AS,4
63,1366932843067277314,6,CS+AS,2
63,1369030160943611907,7,CS+AS,5
63,1369292125641269258,1,CS+AS,5
63,1369441382973272064,10,CS+AS,5
63,1369458171467591683,2,CS+AS,4
63,1368697794417065992,6,SC,3
63,1369266567423397891,5,SC,3
63,1369377489030705154,2,SC,1
63,1369419121818038275,10,SC,5
63,1369425009303822344,3,SC,1
63,1369430517381267460,4,SC,3
63,1369559628183445504,7,SC,2
63,1369573257234550784,9,SC,3
63,1369613079433142278,1,SC,4
63,1369617901678964736,8,SC,5
63,1363564146948665347,2,B1,5
63,1367766039254163458,5,B1,3
63,1368848967086215169,6,B1,3
63,1368856158010810369,7,B1,5
63,1369233187860328448,1,B1,3
63,1369343506939019269,4,B1,2
63,1369395917321801728,10,B1,2
63,1369498799673065473,3,B1,4
63,1369532238304534528,9,B1,4
63,1369590734672760836,8,B1,5
63,1349377838722519040,2,CS,2
63,1349380288783253504,1,CS,2
63,1353672852747284480,10,CS,5
63,1354011094751260673,9,CS,5
63,1362776603047165957,4,CS,3
63,1369048387815899139,7,CS,5
63,1369355243406954501,8,CS,5
63,1369375444793954323,3,CS,5
63,1369400194513723396,6,CS,5
63,1369441796925886465,5,CS,5
63,1352554075657801732,4,CS+AS,2
63,1352937076669476864,10,CS+AS,2
63,1364851499042537474,6,CS+AS,5
63,1368622654870192131,3,CS+AS,5
63,1369226601972563972,5,CS+AS,2
63,1369438033892806663,7,CS+AS,5
63,1369441382973272064,2,CS+AS,2
63,1369458171467591683,1,CS+AS,2
63,1369495249417101312,9,CS+AS,5
63,1369619124318580736,8,CS+AS,5
63,1.36934E+18,10,SC,5
63,1369360371006472195,3,SC,2
63,1369396362840858635,7,SC,2
63,1369426283919212544,6,SC,2
63,1369438309643153408,8,SC,5
63,1369442906671616001,1,SC,5
63,1369492359243763717,2,SC,2
63,1369505213904748554,5,SC,2
63,1369564089211641856,4,SC,5
63,1370127157276606467,9,SC,5
63,1352325551621595136,2,B1,1
63,1354908861572935681,4,B1,2
63,1368835740529000449,8,B1,5
63,1368856158010810369,5,B1,5
63,1369242094217404419,9,B1,2
63,1369281300453015552,10,B1,1
63,1369343506939019269,3,B1,1
63,1369441139871387656,6,B1,2
63,1369490617592467456,1,B1,1
63,1369590734672760836,7,B1,5
66,1283912982200631298,5,CS,5
66,1317810926133874689,10,CS,5
66,1318667750408036352,6,CS,5
66,1340975456644939777,9,CS,5
66,1344784297316786177,7,CS,5
66,1349377838722519040,2,CS,5
66,1349380288783253504,3,CS,5
66,1354565152939544576,8,CS,5
66,1365113385658970113,4,CS,5
66,1366167129754537984,1,CS,2
66,1283518830950510593,2,CS+AS,2
66,1291862297665626112,5,CS+AS,2
66,1303840025000509448,3,CS+AS,4
66,1308893236723953665,8,CS+AS,5
66,1317811466339221509,7,CS+AS,3
66,1321799645652307969,10,CS+AS,5
66,1327398719789150214,6,CS+AS,2
66,1364664823984779267,1,CS+AS,5
66,1365629350721249281,9,CS+AS,5
66,1368217898095964166,4,CS+AS,5
66,1022134672929816578,5,SC,5
66,1314195121861132288,9,SC,4
66,1329456908726644738,8,SC,3
66,1329790713039523845,3,SC,5
66,1356664797979369475,2,SC,4
66,1358993966020976640,6,SC,3
66,1359391903838470147,10,SC,3
66,1361600708764700674,1,SC,5
66,1364866906658922496,7,SC,3
66,1366587272477306883,4,SC,5
66,423079851592257536,7,B1,2
66,958350559177736194,1,B1,4
66,1305852766850555904,9,B1,5
66,1316030943174422528,4,B1,2
66,1330977426906689538,6,B1,2
66,1354775320658898944,5,B1,2
66,1354993740562137089,8,B1,3
66,1355113743504584706,2,B1,3
66,1356654923870572546,10,B1,2
66,1361587149062082561,3,B1,1
68,1336810117057179649,5,CS,5
68,1336964656792035329,4,CS,3
68,1337318168277241857,7,CS,3
68,1346517996760666117,10,CS,5
68,1362776603047165957,3,CS,5
68,1363551492486008834,8,CS,3
68,1364607745270423556,9,CS,5
68,1365315820080009221,2,CS,5
68,1365327872643260420,6,CS,5
68,1369325020258983936,1,CS,5
68,1336596712857743361,8,CS+AS,4
68,1336793663792406530,3,CS+AS,5
68,1337077938076979205,1,CS+AS,5
68,1365320876510560258,9,CS+AS,4
68,1367882927384768524,6,CS+AS,3
68,1369307525489844228,10,CS+AS,2
68,1369337343270862853,7,CS+AS,3
68,1369372321736232963,5,CS+AS,5
68,1369383214062665731,2,CS+AS,5
68,1369386818169372680,4,CS+AS,5
68,1337102280059834370,7,SC,4
68,1350865539091066881,5,SC,5
68,1352017720578105346,8,SC,4
68,1358898413136396288,9,SC,3
68,1359935760627953665,4,SC,1
68,1359973359568625670,1,SC,3
68,1363914797335543811,10,SC,5
68,1365731424322478084,6,SC,5
68,1366752653401853956,3,SC,5
68,1369308139158446081,2,SC,3
68,1292597118763319296,1,B1,5
68,1323278697466630145,4,B1,5
68,1349392742212726785,2,B1,5
68,1352380607314145283,6,B1,5
68,1354966674525597698,9,B1,5
68,1357788145794887681,8,B1,5
68,1359943678354092032,7,B1,5
68,1365338873287634950,10,B1,5
68,1366187680472522754,5,B1,5
68,1369299518739595270,3,B1,2
68,1240464261366919171,8,CS,5
68,1336059119174897665,6,CS,5
68,1342062601535164416,7,CS,5
68,1350483251291451392,2,CS,5
68,1359597695548153864,3,CS,5
68,1359932980974657536,9,CS,5
68,1362776603047165957,1,CS,3
68,1365320876510560258,4,CS,5
68,1369042864316026881,10,CS,5
68,1369614175048249346,5,CS,5
68,1320142365038817281,9,CS+AS,5
68,1321455751567532032,5,CS+AS,5
68,1333873034114064385,3,CS+AS,5
68,1338592930022363139,10,CS+AS,5
68,1347619092417548288,6,CS+AS,5
68,1360346403873181707,1,CS+AS,4
68,1362069293790162946,4,CS+AS,5
68,1368622654870192131,7,CS+AS,5
68,1369226601972563972,8,CS+AS,5
68,1369458171467591683,2,CS+AS,2
68,1263620338790944769,2,SC,1
68,1315101846596272129,6,SC,5
68,1317126907926773763,8,SC,3
68,1319321276171759617,1,SC,5
68,1332251315209113601,4,SC,4
68,1332399472039620612,7,SC,5
68,1334601400836354048,3,SC,5
68,1359835679577018368,9,SC,2
68,1364200104257708046,10,SC,2
68,1366426271023050755,5,SC,3
68,1072571174180306945,7,B1,4
68,1292597118763319296,3,B1,5
68,1293655120706600960,5,B1,4
68,1323308897638125568,9,B1,5
68,1327659608903733249,1,B1,5
68,1330751757664837632,6,B1,3
68,1360338125655056390,8,B1,5
68,1364598637163126785,2,B1,5
68,1366709249137643523,4,B1,5
68,1367207527079940101,10,B1,5
70,1349377838722519040,2,CS,3
70,1349380288783253504,1,CS,3
70,1353672852747284480,10,CS,3
70,1354011094751260673,9,CS,3
70,1362776603047165957,4,CS,4
70,1369048387815899139,7,CS,5
70,1369355243406954501,8,CS,5
70,1369375444793954323,3,CS,5
70,1369400194513723396,6,CS,5
70,1369441796925886465,5,CS,5
70,1352554075657801732,4,CS+AS,3
70,1352937076669476864,10,CS+AS,3
70,1364851499042537474,6,CS+AS,2
70,1368622654870192131,3,CS+AS,3
70,1369226601972563972,5,CS+AS,3
70,1369438033892806663,7,CS+AS,3
70,1369441382973272064,2,CS+AS,5
70,1369458171467591683,1,CS+AS,3
70,1369495249417101312,9,CS+AS,5
70,1369619124318580736,8,CS+AS,4
70,1368604102989541376,9,SC,5
70,1369269245704630276,7,SC,5
70,1369352315698872325,3,SC,4
70,1369408111698673675,6,SC,5
70,1369445460163915780,4,SC,4
70,1369450685708857348,1,SC,4
70,1369465541925175296,5,SC,5
70,1369469114620731393,8,SC,5
70,1369547940017147907,2,SC,4
70,1369589127168073728,10,SC,5
70,1352326523026632706,5,B1,5
70,1368835740529000449,4,B1,5
70,1368856158010810369,2,B1,5
70,1369242094217404419,7,B1,5
70,1369343506939019269,1,B1,5
70,1369440747641049091,8,B1,4
70,1369552733536219138,9,B1,5
70,1369573257234550784,10,B1,5
70,1369590734672760836,3,B1,5
70,1370041595605753862,6,B1,5
71,1317842770816602114,5,CS,5
71,1336810117057179649,7,CS,5
71,1336964656792035329,6,CS,5
71,1337318168277241857,9,CS,5
71,1344689933978656771,3,CS,5
71,1354545532044075013,4,CS,5
71,1365315820080009221,2,CS,5
71,1365327872643260420,8,CS,5
71,1367963978421264385,10,CS,5
71,1369325020258983936,1,CS,5
71,1336793663792406530,5,CS+AS,4
71,1337077938076979205,2,CS+AS,4
71,1339525827118194689,8,CS+AS,5
71,1354118501653483523,3,CS+AS,4
71,1364321423901085698,7,CS+AS,5
71,1364607745270423556,1,CS+AS,5
71,1368984433026596867,10,CS+AS,5
71,1369372321736232963,9,CS+AS,5
71,1369383214062665731,4,CS+AS,4
71,1369386818169372680,6,CS+AS,5
71,1319639717906821121,2,SC,2
71,1326957720759541761,4,SC,5
71,1337102280059834370,10,SC,3
71,1337104278398382087,1,SC,5
71,1357647227808841728,7,SC,4
71,1358898413136396288,9,SC,3
71,1362902698585071617,3,SC,3
71,1363172378843389952,8,SC,3
71,1363914797335543811,5,SC,2
71,1369308139158446081,6,SC,2
71,1151160990995746816,3,B1,5
71,1189330936300756992,10,B1,5
71,1281615412459782145,6,B1,5
71,1298591876963078146,8,B1,3
71,1312476369830338561,5,B1,4
71,1324784149241147394,7,B1,3
71,1326208392923410432,1,B1,4
71,1338474408743215106,9,B1,3
71,1343240225129168898,2,B1,4
71,1356659266732650498,4,B1,5
72,1326033569555181568,5,CS,3
72,1334130051554668547,3,CS,5
72,1334873913210380298,6,CS,5
72,1349377838722519040,1,CS,5
72,1349380288783253504,2,CS,5
72,1354520696358137868,7,CS,5
72,1354807067232489475,9,CS,5
72,1356255250680864768,10,CS,5
72,1369375444793954323,4,CS,5
72,1369441796925886465,8,CS,5
72,1312137847378386944,8,CS+AS,5
72,1329861315624660993,10,CS+AS,5
72,1334873804582121475,7,CS+AS,5
72,1343929726579187713,5,CS+AS,5
72,1354446870312005635,4,CS+AS,5
72,1355169402128363523,3,CS+AS,5
72,1356255352145272832,2,CS+AS,5
72,1356662728111181824,9,CS+AS,5
72,1365767910543691777,6,CS+AS,5
72,1367532398825648130,1,CS+AS,5
72,1363878818100875267,4,SC,4
72,1365338574908891138,1,SC,4
72,1369285101100691456,10,SC,4
72,1369286911391637513,2,SC,3
72,1369389341445873676,9,SC,3
72,1369435367892455435,3,SC,3
72,1369533353930727426,8,SC,2
72,1369552724228980736,5,SC,4
72,1369611540475895810,6,SC,4
72,1370134342106804226,7,SC,2
72,1259963743716298754,5,B1,3
72,1298277043499462656,7,B1,5
72,1329459194601193472,2,B1,5
72,1346184604827279360,9,B1,5
72,1351256621993738240,6,B1,5
72,1362476144830812161,8,B1,4
72,1364248308781248517,4,B1,5
72,1364604015103778820,3,B1,4
72,1364662601473429514,10,B1,5
72,1369343506939019269,1,B1,2
73,1359577321695547392,9,CS,1
73,1362074171832958980,6,CS,1
73,1362085735063572482,10,CS,1
73,1362776603047165957,3,CS,4
73,1369298875719311360,4,CS,2
73,1369311531360518146,1,CS,4
73,1369315042236174343,8,CS,3
73,1369326799709212680,5,CS,3
73,1369405604595400711,2,CS,4
73,1369614175048249346,7,CS,4
73,1361388306106318857,5,CS+AS,3
73,1361701236395958278,6,CS+AS,1
73,1364579317964034050,10,CS+AS,2
73,1365007905318133766,4,CS+AS,4
73,1366709656974942211,9,CS+AS,1
73,1366932843067277314,7,CS+AS,1
73,1369030160943611907,8,CS+AS,2
73,1369292125641269258,2,CS+AS,5
73,1369395335769038849,1,CS+AS,5
73,1369458171467591683,3,CS+AS,1
73,1358797009164111874,10,SC,5
73,1365259500064804866,8,SC,4
73,1366447180521816066,4,SC,3
73,1366730304740872194,5,SC,3
73,1366828167936237575,6,SC,4
73,1368969473651261440,2,SC,3
73,1369045377417162761,9,SC,5
73,1369287711480221698,1,SC,4
73,1369352282937065472,3,SC,5
73,1369392703054708740,7,SC,3
73,968884303131234305,3,B1,4
73,1363564146948665347,1,B1,3
73,1367763412244172802,9,B1,2
73,1368988690211627016,5,B1,3
73,1369031455695900677,6,B1,4
73,1369047712184889353,4,B1,5
73,1369181799029571589,7,B1,5
73,1369327333824430080,8,B1,3
73,1369416324275961858,10,B1,5
73,1369498799673065473,2,B1,2
74,1362776603047165957,4,CS,3
74,1369048387815899139,9,CS,3
74,1369298875719311360,5,CS,3
74,1369311531360518146,1,CS,4
74,1369326799709212680,8,CS,4
74,1369355243406954501,10,CS,3
74,1369375444793954323,3,CS,2
74,1369400194513723396,7,CS,4
74,1369405604595400711,2,CS,4
74,1369441796925886465,6,CS,3
74,1368622654870192131,5,CS+AS,3
74,1369015794248671233,7,CS+AS,4
74,1369226601972563972,6,CS+AS,4
74,1369315042236174343,1,CS+AS,5
74,1369395335769038849,2,CS+AS,4
74,1369438033892806663,8,CS+AS,4
74,1369441382973272064,4,CS+AS,4
74,1369458171467591683,3,CS+AS,5
74,1369495249417101312,10,CS+AS,5
74,1369619124318580736,9,CS+AS,5
74,1369063128269479936,10,SC,2
74,1369264726656638979,6,SC,2
74,1369337073463885828,3,SC,2
74,1369396337469501452,8,SC,2
74,1369538190827270145,9,SC,2
74,1369538553219325952,1,SC,1
74,1369563595978252291,2,SC,1
74,1369589858763673606,7,SC,2
74,1369600439239458820,4,SC,2
74,1370053184589299724,5,SC,4
74,1364311211194675203,9,B1,4
74,1368835740529000449,5,B1,5
74,1368923387532369922,1,B1,3
74,1369038985188831234,2,B1,3
74,1369207595785977860,7,B1,5
74,1369475640076996610,3,B1,1
74,1369552733536219138,6,B1,5
74,1369598009084887043,4,B1,5
74,1369990624041140230,10,B1,1
74,1370088400410324994,8,B1,4
76,1273231711908872193,1,CS,5
76,1294010972055592962,6,CS,4
76,1331748997124534274,4,CS,5
76,1334711453211889665,10,CS,5
76,1334726779903168512,9,CS,5
76,1337020338916499463,3,CS,5
76,1337021907464499204,7,CS,5
76,1337022746824499203,8,CS,4
76,1355167587638906880,5,CS,5
76,1362083047785439239,2,CS,5
76,1290659734639521798,10,CS+AS,4
76,1331741612402237443,8,CS+AS,4
76,1331744604891344896,5,CS+AS,2
76,1337463904566456320,4,CS+AS,2
76,1351920546011893761,2,CS+AS,2
76,1353502767352926208,1,CS+AS,2
76,1357375687967997959,6,CS+AS,2
76,1358843515149504514,7,CS+AS,4
76,1358843677582401536,9,CS+AS,5
76,1365416645624143873,3,CS+AS,2
76,1268243264156524544,3,SC,3
76,1290389884927000582,9,SC,1
76,1316909183225286657,7,SC,3
76,1318996052049973248,2,SC,2
76,1332420899471990786,1,SC,3
76,1334706123971162115,5,SC,3
76,1334724211689074688,6,SC,2
76,1354658220585922565,8,SC,2
76,1358058477785120769,10,SC,1
76,1363674987626856448,4,SC,2
76,1322665368108716033,9,B1,3
76,1331756802078334982,10,B1,2
76,1338944728969035776,1,B1,4
76,1349748316901310464,8,B1,2
76,1354853026545102849,7,B1,2
76,1357382231816359939,5,B1,3
76,1360638198573981696,2,B1,3
76,1366222136591872000,4,B1,3
76,1367946423736537089,3,B1,4
76,1369095591607865347,6,B1,2
77,1349377838722519040,1,CS,4
77,1349380288783253504,2,CS,5
77,1353672852747284480,9,CS,5
77,1354011094751260673,8,CS,4
77,1362776603047165957,5,CS,4
77,1369298875719311360,6,CS,4
77,1369311531360518146,3,CS,4
77,1369326799709212680,7,CS,4
77,1369405604595400711,4,CS,5
77,1369614175048249346,10,CS,5
77,1352554075657801732,5,CS+AS,5
77,1364851499042537474,7,CS+AS,5
77,1368622654870192131,4,CS+AS,4
77,1369015794248671233,8,CS+AS,5
77,1369226601972563972,6,CS+AS,5
77,1369315042236174343,1,CS+AS,3
77,1369395335769038849,2,CS+AS,5
77,1369438033892806663,9,CS+AS,5
77,1369458171467591683,3,CS+AS,4
77,1369619124318580736,10,CS+AS,5
77,1329140321402445824,3,SC,3
77,1349357033301159936,5,SC,3
77,1352922753565863936,7,SC,3
77,1361209516277174279,10,SC,4
77,1363322581076619265,1,SC,5
77,1367625947462184961,8,SC,3
77,1368999972792844292,9,SC,4
77,1369181189932777474,6,SC,2
77,1369499281833537540,4,SC,2
77,1369521918412472320,2,SC,2
77,1328394654375698433,7,B1,4
77,1352325551621595136,3,B1,4
77,1354908861572935681,4,B1,5
77,1364311211194675203,10,B1,3
77,1366588589191147526,9,B1,4
77,1368835740529000449,6,B1,4
77,1368923387532369922,2,B1,5
77,1369038985188831234,1,B1,2
77,1369552733536219138,8,B1,3
77,1369598009084887043,5,B1,4
78,1303249708169613313,3,CS,1
78,1319402828285108225,7,CS,2
78,1324374402750767104,5,CS,1
78,1366499073671454725,9,CS,2
78,1367113993815547906,8,CS,2
78,1367462925250818061,6,CS,1
78,1368245651046207493,2,CS,3
78,1368580185642110982,10,CS,2
78,1368909409775149064,4,CS,1
78,1368932010971004931,1,CS,2
78,1319343716801236992,2,CS+AS,2
78,1326736922199257089,7,CS+AS,1
78,1345510484213075968,4,CS+AS,1
78,1366232555037462531,10,CS+AS,4
78,1367170047081402380,3,CS+AS,1
78,1367531774012751878,9,CS+AS,1
78,1367649223601238016,8,CS+AS,2
78,1368561200754270210,6,CS+AS,4
78,1368584215403655171,5,CS+AS,1
78,1368933410085945345,1,CS+AS,1
78,1366848285361717252,7,SC,2
78,1366967661754675207,10,SC,4
78,1367172928295628802,4,SC,1
78,1367296657705099264,1,SC,3
78,1367327155667935236,2,SC,1
78,1367535310733680640,8,SC,2
78,1367616598727614473,5,SC,2
78,1368218004861911049,3,SC,1
78,1368236771671162881,9,SC,1
78,1368984926410989569,6,SC,1
78,1366609467803074561,9,B1,3
78,1366894541475696640,7,B1,1
78,1367295348574728194,8,B1,3
78,1367307559640571904,2,B1,1
78,1367318893191196674,4,B1,1
78,1367339191961489408,1,B1,3
78,1367486237574123525,10,B1,3
78,1368204280629444611,3,B1,1
78,1368686691452608517,6,B1,1
78,1369407651914932229,5,B1,1
79,1095067826061262848,6,CS,5
79,1182112257708306433,3,CS,5
79,1273231711908872193,1,CS,4
79,1336059119174897665,9,CS,5
79,1338584496489172992,8,CS,4
79,1350483251291451392,2,CS,5
79,1359597695548153864,4,CS,3
79,1364683920965578753,5,CS,4
79,1365320876510560258,7,CS,4
79,1366561763962073092,10,CS,5
79,1321455751567532032,9,CS+AS,5
79,1333873034114064385,3,CS+AS,3
79,1343729046891347968,8,CS+AS,5
79,1347619092417548288,10,CS+AS,5
79,1359932980974657536,5,CS+AS,4
79,1360346403873181707,2,CS+AS,4
79,1362069293790162946,6,CS+AS,5
79,1362872757109809152,1,CS+AS,4
79,1364624807220948994,7,CS+AS,5
79,1366115959623331844,4,CS+AS,5
79,1212045448812417030,3,SC,5
79,1263620338790944769,2,SC,3
79,1319321276171759617,1,SC,3
79,1322265461359316992,8,SC,2
79,1324444938923175936,7,SC,2
79,1330266160202477577,5,SC,3
79,1345783947607867393,10,SC,2
79,1355379018791591936,6,SC,3
79,1357083144407552000,4,SC,5
79,1367702233853259783,9,SC,2
79,1292597118763319296,4,B1,5
79,1307137727067029506,10,B1,2
79,1322229311718494210,9,B1,3
79,1324424895749652481,3,B1,3
79,1341790679945670656,6,B1,5
79,1354523590742446080,1,B1,3
79,1360011987493789696,7,B1,2
79,1361735737411067909,5,B1,4
79,1362841895030968326,2,B1,4
79,1365017631321858052,8,B1,2
81,1350483251291451392,4,CS,5
81,1359597695548153864,6,CS,5
81,1362776603047165957,2,CS,5
81,1366499073671454725,8,CS,5
81,1367113993815547906,7,CS,5
81,1367462925250818061,5,CS,5
81,1368580185642110982,9,CS,5
81,1368649404702408707,10,CS,5
81,1368909409775149064,3,CS,5
81,1368932010971004931,1,CS,5
81,1333873034114064385,2,CS+AS,5
81,1359932980974657536,4,CS+AS,5
81,1362069293790162946,5,CS+AS,5
81,1367497561645457427,6,CS+AS,5
81,1367822755769573377,8,CS+AS,5
81,1368170081633644548,9,CS+AS,4
81,1368501683219693570,10,CS+AS,5
81,1368561200754270210,3,CS+AS,5
81,1369367467001315336,7,CS+AS,4
81,1369458171467591683,1,CS+AS,5
81,1313215942826967040,10,SC,5
81,1361801412741529606,7,SC,5
81,1366854672955240450,6,SC,5
81,1367548056628039684,9,SC,5
81,1367703501367771141,8,SC,5
81,1367862841907294209,4,SC,5
81,1368174374247923712,1,SC,5
81,1368234120082554894,3,SC,5
81,1368487188724350976,2,SC,5
81,1368939918727278599,5,SC,5
81,1366505349386240005,4,B1,5
81,1367112526647934977,9,B1,5
81,1367226152549577157,8,B1,5
81,1368225636993691649,6,B1,5
81,1368299640421052423,2,B1,5
81,1368637578694524931,10,B1,5
81,1368844528170500098,3,B1,5
81,1369226708763746305,7,B1,3
81,1369267106215235589,5,B1,5
81,1369403796443570180,1,B1,5