source_type,source_id,mentioned_user_id
news,1343240225129168898,985916593065476096
news,1189330936300756992,2557037323
news,1189330936300756992,15635604
news,1369483207935225856,905416143313219584
news,1369460811760988160,86141342
news,1369325020258983936,532406707
news,1336964656792035329,121258930
news,1336964656792035329,18334111
news,1336964656792035329,3065618342
news,1336964656792035329,36803580
news,1369441796925886465,26756955
news,1336810117057179649,38232487
news,1336810117057179649,1171755060
news,1336810117057179649,110616795
news,1365327872643260420,1236695563342659589
news,1365327872643260420,3152101881
news,1365327872643260420,1327811881143205888
news,1337077938076979205,31137807
news,1337077938076979205,1171755060
news,1337077938076979205,858646142
news,1354118501653483523,348224496
news,1354118501653483523,164596794
news,1354118501653483523,1001950930697240576
news,1354118501653483523,245229537
news,1354118501653483523,40342628
news,1354118501653483523,262388975
news,1354118501653483523,326020899
news,1354118501653483523,87239242
news,1354118501653483523,894130670603309056
news,1369383214062665731,1360998579234570249
news,1336793663792406530,2785993288
news,1336793663792406530,1171755060
news,1369386818169372680,561659754
news,1369372321736232963,407337082
news,1363551492486008834,2916921081
news,1363551492486008834,240695163
news,1363551492486008834,2892152997
news,1363551492486008834,1170868047474831360
news,1363551492486008834,960521571562598401
news,1369453291936088064,8036392
news,1369453291936088064,1171155332917321730
news,1369453291936088064,287724263
news,1369453291936088064,27242124
news,1369271770960850949,869308903
news,1362776603047165957,172724148
news,1362776603047165957,266908809
news,1362776603047165957,6269352
news,1362776603047165957,2464301418
news,1369048387815899139,23984477
news,1362074171832958980,39814938
news,1362074171832958980,1652035698
news,1362074171832958980,560350106
news,1362074171832958980,1343659229106876416
news,1362074171832958980,20847350
news,1362074171832958980,49153854
news,1359577321695547392,32817728
news,1359577321695547392,14593090
news,1362085735063572482,316756361
news,1362085735063572482,27445405
news,1369292125641269258,107136246
news,1369292125641269258,20374935
news,1369292125641269258,108957853
news,1369292125641269258,19939667
news,1365007905318133766,279321785
news,1365007905318133766,316756361
news,1365007905318133766,65414320
news,1361388306106318857,516464106
news,1361388306106318857,24871896
news,1361388306106318857,214413743
news,1361701236395958278,16143542
news,1361701236395958278,28297965
news,1366932843067277314,1258091656093417472
news,1366932843067277314,1638756846
news,1366932843067277314,1228176728
news,1366932843067277314,741696985
news,1366932843067277314,28665877
news,1369030160943611907,175580488
news,1369030160943611907,16402282
news,1369030160943611907,85375262
news,1366709656974942211,213969309
news,1366709656974942211,26235265
news,1364579317964034050,21302878
news,1364579317964034050,68674747
news,1369441382973272064,18170896
news,1369441382973272064,14529929
news,1369030162298400778,89090040
news,1366963364975452162,4273987822
news,1369048640111570951,76665437
news,1166395659500568579,76788525
news,1367559613005004800,16537989
news,1367559613005004800,1227725047369887744
news,1353812372331220992,19425947
news,1353812372331220992,728254626538082305
news,1321186362171666432,309366491
news,1323456695725625344,309366491
news,1153306430100910080,23119425
news,1153306430100910080,266837161
news,1324916905954652168,309366491
news,1368659881260032001,214362445
news,1318297870315839488,4096365088
news,1367300793485828097,33758417
news,1367300793485828097,1133136553
news,1367300793485828097,235213254
news,1367300793485828097,3350930423
news,1367300793485828097,2727707875
news,1367300793485828097,1119327458816348160
news,1367300793485828097,763109683238363136
news,1367300793485828097,133154993
news,1367300793485828097,21217034
news,1369075493753020420,36169080
news,1369075493753020420,478000821
news,1369075493753020420,916985559234502656
news,1369075493753020420,342327238
news,1369075493753020420,1093641243903459329
news,1369075493753020420,14982804
news,1369075493753020420,35990109
news,1369075493753020420,404158121
news,1369075493753020420,1058111600622735360
news,1369075493753020420,21334022
news,1369075493753020420,3223401234
news,1369075493753020420,265178794
news,1369075493753020420,822375565181132805
news,1369075493753020420,19543385
news,1369075493753020420,16196031
news,1369075561981566976,89503894
news,1369075561981566976,1881225786
news,1369075561981566976,2748245196
news,1369075561981566976,303757814
news,1369075561981566976,602252919
news,1369075561981566976,202151736
news,1369075561981566976,706835253009186816
news,1369075561981566976,31080039
news,1369075561981566976,37868953
news,1369075561981566976,271248939
news,1369075561981566976,957060706494369792
news,1369075561981566976,1569791546
news,1303249708169613313,19923144
news,1303249708169613313,182662505
news,1303249708169613313,23083404
news,1303249708169613313,442456291
news,1303249708169613313,18479513
news,1303249708169613313,241204643
news,1366443197166096385,23690344
news,1366443197166096385,18228898
news,1366443197166096385,216444984
news,1366443197166096385,56783491
news,1366443197166096385,14920785
news,1367237010608431106,1341069360249544704
news,1367237010608431106,2651482512
news,1367237010608431106,156038456
news,1367237010608431106,154280902
news,1367237010608431106,976604963743842304
news,1324374402750767104,845614875606953984
news,1324374402750767104,628327650
news,1324374402750767104,888862902614204416
news,1324374402750767104,1074519289
news,1324374402750767104,544902207
news,1367315410106736640,1171535373283016704
news,1367315410106736640,1573265498
news,1367315410106736640,2150327072
news,1368286394792046596,16892452
news,1368286394792046596,1273619850804551680
news,1368286394792046596,20108560
news,1368286394792046596,2150327072
news,1352325551621595136,1258100405915070465
news,1369275546044162051,250103509
news,1369275546044162051,1241813862170726400
news,1369049581208670208,271248939
news,1349380288783253504,279934920
news,1349380288783253504,921041952681885696
news,1349380288783253504,216299334
news,1349380288783253504,252569527
news,1349380288783253504,164690458
news,1349380288783253504,75282109
news,1349380288783253504,882920744317005825
news,1349380288783253504,26475485
news,1349380288783253504,1344387445350084608
news,1349377838722519040,279934920
news,1349377838722519040,921041952681885696
news,1349377838722519040,216299334
news,1349377838722519040,252569527
news,1349377838722519040,164690458
news,1349377838722519040,75282109
news,1349377838722519040,882920744317005825
news,1349377838722519040,26475485
news,1349377838722519040,1344387445350084608
news,1354011094751260673,746418888
news,1354011094751260673,961457448
news,1354011094751260673,51496169
news,1353672852747284480,961457448
news,1353672852747284480,51496169
news,1368622654870192131,426159377
news,1368622654870192131,12492842
news,1368622654870192131,33612317
news,1352554075657801732,1351189846820319232
news,1369226601972563972,426159377
news,1369226601972563972,12492842
news,1369226601972563972,33612317
news,1364851499042537474,615500723
news,1364851499042537474,719862259518992384
news,1369438033892806663,16132791
news,1369438033892806663,2578071749
news,1369619124318580736,16132791
news,1369619124318580736,2578071749
news,1369495249417101312,84801794
news,1369495249417101312,139847909
news,1352937076669476864,961457448
news,1352937076669476864,211681056
news,1369480643315462144,8036392
news,1369480643315462144,137223549
news,1369503478880612357,59130623
news,1339526482142654466,999720386014019584
news,1339526482142654466,791651689036075008
news,1356659266732650498,1171155332917321730
news,1357425371721965589,1171155332917321730
news,1357425371721965589,1682061769
news,1367608643596783616,1331024358656061442
news,1368867018854830081,83266010
news,1349775316366090242,24734713
news,1349775316366090242,925391732753223681
news,1349775316366090242,1116089461480153088
news,1349775316366090242,704881118000971777
news,1349775316366090242,57227772
news,1339894034781880323,1323604582543597571
news,1340053176150614025,853075242
news,1197158580333535232,728662277696552960
news,1369311531360518146,1581318708
news,1369405604595400711,16271952
news,1331748997124534274,80144576
news,1331748997124534274,1121571811915911171
news,1331748997124534274,788364008915083264
news,1369298875719311360,376502929
news,1369298875719311360,22532755
news,1369298875719311360,15140962
news,1369298875719311360,17136315
news,1369298875719311360,38985282
news,1369298875719311360,16271952
news,1369298875719311360,230287527
news,1369298875719311360,27384718
news,1369298875719311360,14445453
news,1355167587638906880,1227776432480407552
news,1355167587638906880,3286004797
news,1294010972055592962,14055301
news,1294010972055592962,16043238
news,1294010972055592962,1250391570110709762
news,1353502767352926208,757660068489924608
news,1353502767352926208,3286004797
news,1337463904566456320,40981798
news,1331744604891344896,80144576
news,1331744604891344896,1183816599595298816
news,1358843515149504514,304533565
news,1358843515149504514,1196097742478757893
news,1367244704526393349,14366976
news,1365376371376205838,14115912
news,1368969473651261440,23409407
news,1368969473651261440,4885952657
news,1369087867939659782,425871040
news,1368487188724350976,1552819440
news,1368501683219693570,727759996822392832
news,1368501683219693570,256551011
news,1368632782042333188,869855519435091968
news,1368632782042333188,1026469052515065856
news,1368519774955798529,493278212
news,1367462925250818061,793861356
news,1367462925250818061,543582873
news,1367462925250818061,61288678
news,1367462925250818061,22185437
news,1337318168277241857,534903006
news,1337318168277241857,1171755060
news,1337318168277241857,805433768915959808
news,1369337343270862853,23421193
news,1336596712857743361,1282422679237271553
news,1336596712857743361,44099213
news,1336596712857743361,1262507858605805569
news,1368703131652005888,17243213
news,1349748316901310464,30354991
news,1349748316901310464,1333168873860984832
news,1349748316901310464,939091
news,1369095591607865347,28208983
news,1369095591607865347,14920785
news,1369095591607865347,4194500772
news,1363673526096470017,17074714
news,1365178104310763520,97737655
news,1365178104310763520,21771224
news,1318996052049973248,849722985153912832
news,1363674987626856448,1334734095616626690
news,1334706123971162115,205302299
news,1334706123971162115,879771304316071938
news,1334724211689074688,33990291
news,1334724211689074688,19248106
news,1290389884927000582,1116089461480153088
news,1316909183225286657,704881118000971777
news,1350483251291451392,67220892
news,1334726779903168512,725361022303883265
news,1334711453211889665,33990291
news,1334711453211889665,19248106
news,1331741612402237443,80144576
news,1331741612402237443,1088210252464570368
news,1358843677582401536,950763348
news,1290659734639521798,302068984
news,1290659734639521798,32508937
news,1290659734639521798,30409468
news,1290659734639521798,155128025
news,1275492317013479424,3147892626
news,1275492317013479424,40101983
news,1275492317013479424,53919756
news,1263620338790944769,15429316
news,1338573100921794560,309870370
news,1333878541398798338,341142617
news,1330972658612150272,19507251
news,1182112257708306433,128418853
news,1182112257708306433,18829050
news,1182112257708306433,108314159
news,1359597695548153864,189258194
news,1359597695548153864,140943126
news,1359597695548153864,270193608
news,1364683920965578753,15339207
news,1364683920965578753,1172526179175358466
news,1364683920965578753,1003006213800394753
news,1364683920965578753,2679055230
news,1364683920965578753,30745797
news,1365320876510560258,429754799
news,1365320876510560258,19429176
news,1338584496489172992,25518162
news,1338584496489172992,18690565
news,1336059119174897665,79923701
news,1336059119174897665,2302481323
news,1336059119174897665,2580672806
news,1336059119174897665,600402500
news,1336059119174897665,26127836
news,1366561763962073092,15339207
news,1366561763962073092,1172526179175358466
news,1366561763962073092,55365711
news,1366561763962073092,26672310
news,1366561763962073092,526316060
news,1366561763962073092,30745797
news,1362872757109809152,17354377
news,1362872757109809152,16879416
news,1360346403873181707,19429176
news,1333873034114064385,3227527560
news,1333873034114064385,16458319
news,1333873034114064385,10228272
news,1333873034114064385,1314686071960154114
news,1333873034114064385,248965136
news,1366115959623331844,15339207
news,1366115959623331844,1172526179175358466
news,1366115959623331844,55365711
news,1366115959623331844,2679055230
news,1366115959623331844,30745797
news,1362069293790162946,574631672
news,1362069293790162946,75932644
news,1362069293790162946,386021243
news,1362069293790162946,423211359
news,1364624807220948994,15339207
news,1364624807220948994,1172526179175358466
news,1364624807220948994,55365711
news,1364624807220948994,2679055230
news,1364624807220948994,30745797
news,1343729046891347968,325306055
news,1343729046891347968,29860364
news,1343729046891347968,899733078641225728
news,1321455751567532032,880552945430831104
news,1321455751567532032,728020310964895744
news,1321455751567532032,17230018
news,1347619092417548288,886959980254871552
news,1368241591299760129,713287663483224064
news,1368241591299760129,1324006941060964353
news,1369259792892633089,620398542
news,1337102280059834370,61559439
news,1337102280059834370,14861876
news,1352017720578105346,232552469
news,1330948472992776193,46423291
news,1330948472992776193,290097288
news,1360638198573981696,1116089461480153088
news,1360638198573981696,46186400
news,1360638198573981696,23760251
news,1360638198573981696,545087869
news,1367946423736537089,204995942
news,1338944728969035776,16573941
news,1366208806535892995,1088037493
news,1366208806535892995,17399269
news,1364598637163126785,612473
news,1354547483083329538,15485441
news,1354547483083329538,19777398
news,1333406580927303682,72387047
news,1333406580927303682,31299618
news,1333406580927303682,263481817
news,1333406580927303682,45788610
news,1333406580927303682,45777849
news,1333406580927303682,34914032
news,1333406580927303682,32351549
news,1333406580927303682,59399268
news,1359185296382779393,2823088888
news,1359185296382779393,39364684
news,1363926533652574218,2344289012
news,1365207153359917058,130151627
news,1365207153359917058,715467420543033344
news,1365207153359917058,26150404
news,1353719280022343683,9695312
news,1341035699970011136,14740219
news,1316844403797889024,348754193
news,1316844403797889024,171641072
news,1334601400836354048,15851618
news,1347589799947984902,10228272
news,1333492114408296449,107544554
news,1333492114408296449,522538187
news,1333492114408296449,270193608
news,1363238923879653379,34036028
news,1086268959492468742,17230018
news,1367500382717546499,36987016
news,1367500382717546499,1037251922
news,1364533279261679619,2425303842
news,1238490684384071686,238319766
news,1304866700794363905,560591381
news,1359547910619344904,822288284202070016
news,1334534887664209922,19773713
news,1366167129754537984,2367459205
news,1366167129754537984,2274106722
news,1366167129754537984,358404000
news,1366167129754537984,728543419547701248
news,1366167129754537984,1053795166199238656
news,1366167129754537984,20035593
news,1366167129754537984,973862838551961605
news,1366167129754537984,1287057962155094018
news,1366167129754537984,3286606657
news,1366167129754537984,14572884
news,1366167129754537984,743940594540613632
news,1366167129754537984,2836258729
news,1366167129754537984,17791626
news,1366167129754537984,163504733
news,1366167129754537984,1280326578405163009
news,1366167129754537984,6903232
news,1365113385658970113,161418822
news,1365113385658970113,2987922767
news,1365113385658970113,19520983
news,1365113385658970113,1040361509396905987
news,1365113385658970113,214201922
news,1342062601535164416,7957702
news,1342062601535164416,18518096
news,1342062601535164416,1357204375
news,1342062601535164416,216388381
news,1342062601535164416,14982804
news,1342062601535164416,23561980
news,1342062601535164416,41700449
news,1342062601535164416,20117923
news,1342062601535164416,113613920
news,1354565152939544576,701756115118333952
news,1354565152939544576,957716432430641152
news,1320142365038817281,161711473
news,1320142365038817281,38170974
news,1338592930022363139,17465796
news,1338592930022363139,126062842
news,1361396964227772419,20745074
news,1361396964227772419,785651770697523200
news,1361396964227772419,117653650
news,1361396964227772419,64324543
news,1361396964227772419,21346496
news,1361396964227772419,286505380
news,1361396964227772419,972587909307023360
news,1361396964227772419,1002318882714112000
news,1321919226341306368,1080924673758527489
news,1364415183607586825,1321592012026617857
news,1365372438578667526,230303764
news,1339746480014254081,3291135910
news,1370069387974119426,707620657945645056
news,1370069387974119426,614333791
news,1370069387974119426,1360234484667473921
news,1370069387974119426,262341591
news,1370069387974119426,1243592532128399360
news,1366121589478154243,69460994
news,1366121589478154243,430177205
news,1366121589478154243,2653325339
news,1366121589478154243,2344209337
news,1366121589478154243,1324268492674260993
news,1366121589478154243,3409123967
news,1366121589478154243,337337691
news,1359370632350208003,103637045
news,1358529006967033856,2708191476
news,1358529006967033856,67291370
news,1359319030587293696,956288390932045824
news,1359319030587293696,935568464487514114
news,1331282297014743042,195763277
news,1369832253816246274,3409123967
news,1369832253816246274,614333791
news,1369832253816246274,74274804
news,1366380504736534529,591672691
news,1336435104172765184,107122128
news,1349749578095075328,325306055
news,1349749578095075328,154221292
news,1349749578095075328,6351572
news,1349749578095075328,3239203002
news,1349749578095075328,933693225436631040
news,1349749578095075328,117786848
news,1349749578095075328,29873662
news,1361511252103729153,2174576629
news,1361511252103729153,1032978119370723329
news,1361511252103729153,387262364
news,1361511252103729153,20659225
news,1361511252103729153,996365064667123713
news,1361511252103729153,2653325339
news,1361511252103729153,1269132220725411842
news,1361511252103729153,2941088926
news,1361857937518465025,2309285994
news,1361857937518465025,716901834
news,1361857937518465025,48924387
news,1361857937518465025,332736023
news,1361857937518465025,38811911
news,1361857937518465025,1098092507102150657
news,1361857937518465025,307527529
news,1361857937518465025,20188930
news,1361586402484514816,2174576629
news,1361586402484514816,1032978119370723329
news,1361586402484514816,387262364
news,1361586402484514816,20659225
news,1361586402484514816,996365064667123713
news,1361586402484514816,2653325339
news,1361586402484514816,1269132220725411842
news,1361586402484514816,2941088926
news,1361853779025403905,716901834
news,1361853779025403905,48924387
news,1361853779025403905,332736023
news,1361853779025403905,38811911
news,1361853779025403905,1098092507102150657
news,1361853779025403905,307527529
news,1361853779025403905,20188930
news,1365037827298238464,52554306
news,1365037827298238464,85917438
news,1365037827298238464,48517976
news,1365037827298238464,104297367
news,1365037827298238464,5611152
news,1301164188136431616,559229566
news,1301164188136431616,3031071234
news,1366910062711685124,324511199
news,1366910062711685124,233777204
news,1366910062711685124,258528134
news,1366910062711685124,66814204
news,1366910062711685124,1075135057285779456
news,1366910062711685124,28273857
news,1366910062711685124,1255832742
news,1365109273240473600,995979576
news,1365109273240473600,161418822
news,1365109273240473600,4140881832
news,1365109273240473600,1040361509396905987
news,1365109273240473600,246596682
news,1366197120064192513,324511199
news,1366197120064192513,97518322
news,1366197120064192513,233777204
news,1366197120064192513,258528134
news,1366197120064192513,1075135057285779456
news,1366197120064192513,28273857
news,1334873913210380298,14934774
news,1334873913210380298,58560480
news,1334873913210380298,12092012
news,1334873913210380298,593256821
news,1334873913210380298,715901816857358336
news,1334873913210380298,15166390
news,1360286991011639302,783459397464825856
news,1360286991011639302,2364897541
news,1360286991011639302,4721481919
news,1360286991011639302,999560561972006912
news,1360286991011639302,953863929763020800
news,1354807067232489475,167583967
news,1354807067232489475,15493558
news,1354807067232489475,12092012
news,1354807067232489475,2803191
news,1367532398825648130,715901816857358336
news,1367532398825648130,12092012
news,1367532398825648130,18146496
news,1356255352145272832,524381955
news,1356255352145272832,12092012
news,1356255352145272832,2803191
news,1326033569555181568,35203319
news,1326033569555181568,11922492
news,1365812811721543685,324511199
news,1365812811721543685,233777204
news,1365812811721543685,258528134
news,1365812811721543685,1075135057285779456
news,1365812811721543685,28273857
news,1365784358217523201,97518322
news,1365784358217523201,233777204
news,1365784358217523201,258528134
news,1365784358217523201,324511199
news,1365784358217523201,28273857
news,1365811680815554560,324511199
news,1365811680815554560,233777204
news,1365811680815554560,258528134
news,1365811680815554560,1075135057285779456
news,1365811680815554560,28273857
news,1334130051554668547,41488578
news,1334130051554668547,3050707454
news,1334130051554668547,6446742
news,1334130051554668547,226087776
news,1334130051554668547,2306403086
news,1334130051554668547,14763734
news,1362949278365143050,837078331
news,1336808991792525325,854838283892908033
news,1337102429532217345,290097288
news,1369324832702296067,20009841
news,1363172378843389952,41284429
news,1337104278398382087,57016932
news,1362902698585071617,1852347560
news,1360653537781321732,3013777044
news,1360653537781321732,430177205
news,1360653537781321732,2708191476
news,1360653537781321732,262341591
news,1360653537781321732,1351456233392279553
news,1362920758872133634,83533045
news,1362920758872133634,40717768
news,1362920758872133634,148998835
news,1354353736580124673,2790875190
news,1303727847966674944,69542069
news,1351560050725294082,154677827
news,1318667750408036352,342327238
news,1318667750408036352,19247844
news,1318667750408036352,30274144
news,1318667750408036352,256881576
news,1317810926133874689,135944259
news,1359941706951524353,2439488023
news,1359941706951524353,69460994
news,1359941706951524353,2372600622
news,1349743109832372225,325306055
news,1349743109832372225,154221292
news,1349743109832372225,6351572
news,1349743109832372225,117786848
news,1349743109832372225,29873662
news,1368297763524448256,731186310552158208
news,1368297763524448256,1032978119370723329
news,1283518830950510593,16573941
news,1283518830950510593,1569791546
news,1283518830950510593,92372285
news,1368144516558041088,606345615
news,1368144516558041088,748864710339076096
news,1369378396216692740,171840420
news,1333807391079428096,10228272
news,1369400158912475136,2230170215
news,1367269369521266691,372439064
news,1352019602151100416,1119818046070112256
news,1352019602151100416,463829352
news,1352019602151100416,21696770
news,1271896411257241600,154216795
news,1271896411257241600,1483679244
news,1317201419384975365,309366491
news,1275840045761441792,10228272
news,1316239353505480704,61033129
news,1173620799997186051,1525395258
news,1368447074019270656,1026536822
news,1319402828285108225,1228542159982223361
news,1319402828285108225,289256940
news,1319402828285108225,369583954
news,1319402828285108225,18208354
news,1367113993815547906,344801362
news,1367113993815547906,371112966
news,1367113993815547906,610060498
news,1367113993815547906,486003719
news,1367113993815547906,191985864
news,1367113993815547906,847238528
news,1366499073671454725,253116441
news,1366499073671454725,2329070186
news,1366499073671454725,304596944
news,1366499073671454725,1296277046
news,1366499073671454725,215039104
news,1366499073671454725,815671379202887684
news,1368580185642110982,371112966
news,1368580185642110982,273665871
news,1368580185642110982,256551011
news,1319343716801236992,289256940
news,1319343716801236992,369583954
news,1319343716801236992,18208354
news,1367170047081402380,1334575086074998784
news,1367170047081402380,826126131212480513
news,1345510484213075968,19923144
news,1345510484213075968,182662505
news,1345510484213075968,23083404
news,1345510484213075968,442456291
news,1345510484213075968,1240831700
news,1345510484213075968,18479513
news,1345510484213075968,241204643
news,1368584215403655171,103341208
news,1368584215403655171,27528134
news,1368561200754270210,351838853
news,1326736922199257089,608732656
news,1326736922199257089,1113999850855641088
news,1326736922199257089,6446742
news,1367649223601238016,19923144
news,1367649223601238016,126383762
news,1367649223601238016,29277803
news,1367649223601238016,989397451
news,1367531774012751878,28405973
news,1366232555037462531,272616327
news,1366232555037462531,23083404
news,1366232555037462531,2272672902
news,1366232555037462531,167821244
news,1366232555037462531,255792011
news,1354993740562137089,2282608831
news,1358414579328561153,33623812
news,1367474157626290181,52034979
news,1367474157626290181,130151627
news,1367474157626290181,151252468
news,1367474157626290181,2918423207
news,1367474157626290181,19388771
news,1365629350721249281,37508790
news,1365629350721249281,252962731
news,1365629350721249281,26482350
news,1365629350721249281,500010484
news,1362674074732748803,873479744414773251
news,1362674074732748803,821640277823750144
news,1369000930809581570,1053795166199238656
news,1369000930809581570,366926669
news,1063403538636816385,1366538004
news,1320374052847013893,17019152
news,1330058761323614209,1370583313
news,1330058761323614209,89812222
news,1350151000267632641,2164133202
news,1350151000267632641,1331391767216857089
news,1350151000267632641,21705931
news,1366743775192752129,1548989149
news,1363561378552958976,28221296
news,1365319660405678081,1341539442063011844
news,1368245620344029188,32184345
news,1368245620344029188,1192636082476789760
news,1339195127986794498,103015259
news,1337819421973344256,18725026
news,1362475666504040451,1265706848507887616
news,1362127981234188288,14163722
news,1362127981234188288,1199023873213100033
news,1362127981234188288,10505322
news,1362127981234188288,1231349745983074306
news,1362127981234188288,14163748
news,1358569998885785609,2653325339
news,1369038985188831234,2473963118
news,1368923387532369922,3288553378
news,1369424518092120064,60959527
news,1369189230489001991,35094637
news,1368697794417065992,232268199
news,1368697794417065992,759251
news,1368697794417065992,14515799
news,1369326799709212680,22532755
news,1369326799709212680,14445453
news,1369395335769038849,19336500
news,1369395335769038849,2413051784
news,1369015794248671233,268944886
news,1369015794248671233,45851500
news,1368788336333176833,1026870945372229632
news,1363915655720939521,14115912
news,1359943267148845058,824591297465946112
news,1369573389845880832,16258699
news,1368777274506571779,23707663
news,1368777274506571779,794255997346816002
news,1362196066431627265,115346464
news,1362196066431627265,28221296
news,1364697022847209478,955647765408722945
news,1364697022847209478,574795929
news,1364697022847209478,1217858534387224579
news,1364697022847209478,1905202880
news,1368760443498532864,1081348598032404480
news,1367497561645457427,4860147909
news,1367497561645457427,2371991585
news,1367497561645457427,105297123
news,1367496989215248388,1171155332917321730
news,1367556352445321216,176895950
news,1362475510954156037,988142198939152384
news,1365407006253801474,3152470214
news,1217122703766970369,1378000488
news,1217122703766970369,15635604
news,1368978816849211392,22179997
news,1367222811727564800,53297035
news,1367222811727564800,15846407
news,1367222811727564800,33041426
news,1369040595310682112,97512759
news,1366217334658977797,1872835056
news,1300100975793901569,22821175
news,1339526270288322561,1317315158184726529
news,1340651032817315842,629481871
news,1369043306487767040,122061017
news,1361812978425753600,89090040
news,1367128088832745476,56783491
news,1367128088832745476,1645711686
news,1367128088832745476,223546666
news,1369259204725387266,4473479067
news,1369410355215142917,15519766
news,1368641210533830657,192947735
news,1368641210533830657,14879097
news,1369034842222985216,233388393
news,1369034842222985216,271244383
news,1369034842222985216,997653208171364352
news,1369034842222985216,1339692567097724934
news,1369034842222985216,1366997919006658561
news,1369017812165881859,191184478
news,1369017812165881859,2470556070
news,1369017812165881859,2367911
news,1369017812165881859,231183280
news,1367604109113655297,71708907
news,1367604109113655297,1347045366487805952
news,1367604109113655297,1436518700
news,1367912923641737216,89090040
news,1321088619814109184,1306686397999390724
news,1321088619814109184,2163950214
news,1311068940152401920,46116615
news,1349391558269923330,2367911
news,1354509947288088576,309870370
news,1354509947288088576,17093876
news,1369308139158446081,1341926498224263168
news,1326957720759541761,290097288
news,1346517996760666117,949096064
news,1346517996760666117,16832387
news,1346517996760666117,42883885
news,1346517996760666117,65525881
news,1369307525489844228,433733869
news,1369569728541425667,905416143313219584
news,1369547930550611968,60959527
news,1368999602867802126,23409407
news,1369296706836250624,979990943393894400
news,1369030449398509568,14115912
news,1349449506136330241,1573440108
news,1349449506136330241,3246299927
news,1369370948634312710,94054323
news,1369370948634312710,19397785
news,1369400099223207936,15033883
news,1369400099223207936,28785486
news,1369400099223207936,210274185
news,1369400099223207936,1359291159634395137
news,1340027052037169152,189258194
news,1340027052037169152,140943126
news,1340027052037169152,309870370
news,1333791058765901825,3227527560
news,1313864060669026304,721095825850404864
news,1361498566024302597,34036028
news,1369148165471969284,30409200
news,1369148165471969284,807437063519760384
news,1367565667642331136,22317367
news,1341859235756453889,1225827728605241345
news,1341859235756453889,1197013660163555328
news,1331046811704958985,1584051084
news,1250915381646176262,1584051084
news,1250915381646176262,120306775
news,1368855703612448768,3647538858
news,1368855703612448768,1608788910
news,1366212322436423682,985916593065476096
news,1366212322436423682,63296944
news,1366212322436423682,758041765601431552
news,1120471100532625410,96529840
news,1368840460198838272,43312428
news,1248277743118086144,3385978571
news,1248277743118086144,125837378
news,1248277743118086144,16014870
news,1248277743118086144,2908107542
news,1248251408333172738,3385978571
news,1248251408333172738,125837378
news,1248251408333172738,16014870
news,1248251408333172738,2908107542
news,1369169111478005763,30409200
news,1369169111478005763,14415152
news,1369169111478005763,14316789
news,1369037334885265408,176895950
news,1366239727402196996,4185877812
news,1362129662336450560,1498993086
news,1366242438717661187,42252577
news,1329121235423297537,886959980254871552
news,1367214933423706113,1227725047369887744
news,1367214933423706113,113560280
news,1368741071870562307,83266010
news,1368741071870562307,82652901
news,1368741071870562307,431765364
news,1363171557250596864,89090040
news,1369307789932265473,33792634
news,1307034079381065732,43264227
news,1307034079381065732,228794007
news,1356766464162762754,948444535
news,1322130577684942848,253209941
news,1369649450688409604,15425183
news,1364961278729551872,14115912
news,1369075112432046081,294534649
news,1283912982200631298,1237113745836572672
news,1283912982200631298,175098387
news,1283912982200631298,1217168433223090176
news,1283912982200631298,1569791546
news,1303840025000509448,746079076683743236
news,1303840025000509448,2893511188
news,1369320575945019399,15734027
news,1367133454241046531,16143542
news,1369357633283620870,32039073
news,1369368976128679940,14074418
news,1369148225433788417,394654669
news,1369533603194040320,26202347
news,1368978600964349955,2538476593
news,1369500754000699392,28785486
news,1369500754000699392,1359291159634395137
news,1369475595466375169,218647820
news,1369475595466375169,1229818150381899776
news,1340976808989241344,999720386014019584
news,1368776591388647424,1378000488
news,1368776591388647424,23707663
news,1368776591388647424,742107732
news,1285629613067038720,257548783
news,1152351180225335296,3154252605
news,1152351180225335296,131482972
news,1272336376927666176,3912022947
news,1272336376927666176,329631801
news,1151605021345083392,102154232
news,1151605021345083392,101798589
news,1151605021345083392,3154252605
news,1151605021345083392,131482972
news,1151605021345083392,863172565786705920
news,1151605021345083392,1286087420
news,1265629710941388800,89090040
news,1265629710941388800,15635604
news,1362484293650567168,3057968236
news,1368744769686540290,3035225852
news,1359943678354092032,99261158
news,1306401710386982912,74580436
news,1306401710386982912,27147528
news,1359973359568625670,2526757508
news,1359973359568625670,154280902
news,1357452896976179201,1232783237623119872
news,1272338362909655040,3912022947
news,1365407295384018947,1321261939
news,1356264437729124353,131305850
news,1367114880378146824,17229809
news,1152354497189965824,102154232
news,1364321423901085698,2962731560
news,1368984433026596867,1173903110
news,1369521918412472320,1348663449736376322
news,1369181189932777474,58119724
news,425668533293289472,2176998871
news,425668533293289472,65289952
news,1287526789707776000,15635604
news,1287526789707776000,1336879565650747392
news,1291859496826843137,26981455
news,1258788139159613441,166196682
news,1252286536738934786,1004804740105035777
news,1369414843720208384,361270172
news,1369414843720208384,1191452038539948037
news,1369135857110638592,750751206427860992
news,421376352319983617,66119183
news,1337106387751620613,189258194
news,1337106387751620613,140943126
news,1359946667429093378,309870370
news,1359946667429093378,270193608
news,1340930237819924480,16573941
news,1363671397575266308,17074714
news,1365020984802217996,756503993313062912
news,1355577264512008192,30782495
news,1339201502443941888,1217460997230923777
news,1367522051762757632,582519519
news,1366605872718245891,830821773260255235
news,1366205703392665603,1365707141693272068
news,1350629002302550016,19397785
news,1350629002302550016,182161200
news,1368740848913973255,3253032999
news,1366833538985721860,586032653
news,1365710371206488066,750751206427860992
news,1369148238138208257,2728503664
news,1369148238138208257,30409200
news,1368116399097344003,16826808
news,1368453072666521600,732027915894824960
news,1313580109727584256,30254174
news,1369101047826841604,3266641609
news,1369418368554569728,20691338
news,1361692398867402752,2457341864
news,1242185573193768960,19424554
news,1242185573193768960,327071621
news,1350632339206901761,1276658026519212032
news,1369104826869506049,30409200
news,1369104826869506049,191938982
news,1325114525104758784,46693603
news,1356256641814065162,946372675
news,1364632186884939780,35623
news,1368080635655450627,408682424
news,1368080635655450627,16483747
news,1368080635655450627,4834580908
news,1368080635655450627,33561428
news,1368080635655450627,321738111
news,1368080635655450627,14642331
news,1368080635655450627,18710797
news,1367949455262060544,26149295
news,1367949455262060544,1527806202
news,1367949455262060544,952921795316912133
news,1367949455262060544,1333467482
news,1288988861092245505,2590370142
news,1288988861092245505,3035016670
news,1288988861092245505,1191025490846535680
news,1336324934688116743,16573941
news,1332420899471990786,582519519
news,1253009440107720704,808404527305072640
news,1369609984468783107,14173315
news,1368217898095964166,1683359833
news,1291862297665626112,17602896
news,1327398719789150214,2724857222
news,1327398719789150214,2893511188
news,1317811466339221509,30084011
news,1317811466339221509,2573741401
news,1345706642080493568,407952890
news,1345706642080493568,365311325
news,1228653223269076992,516464106
news,1358213026541834240,1062738433716686848
news,1264644362731913216,131014117
news,1264644362731913216,1206232532
news,1269780932891774976,19932404
news,1269780932891774976,8775672
news,1366899538502426633,57516454
news,1335107635767439361,1307157866122420224
news,1359267423346716677,1299869516478939144
news,1330308453508800527,9697732
news,1179754999171047425,2266135711
news,1179754999171047425,2285891131
news,1353755766625234944,144021690
news,1353755766625234944,1110599102415421441
news,1353755766625234944,15981505
news,1242106541999783936,50009088
news,1242106541999783936,1169940002
news,1242106541999783936,38710385
news,1242106541999783936,117098264
news,1242106541999783936,707851135407759360
news,1242106541999783936,38150370
news,1242106541999783936,19596687
news,1242106541999783936,1402793083
news,1242106541999783936,39742366
news,1242106541999783936,879240896373555200
news,1242106541999783936,1510714765
news,1242106541999783936,16064783
news,1242106541999783936,614884262
news,1242106541999783936,910955136599642112
news,1242106541999783936,1289567960
news,1242106541999783936,40221869
news,1242106541999783936,27398939
news,1242106541999783936,810802183
news,1242106541999783936,53125420
news,1327954760251662337,26235265
news,1362360519626227713,883971544439037952
news,1362360519626227713,1233735647069966336
news,1362360519626227713,16240253
news,1362360519626227713,337884384
news,1362360519626227713,28593358
news,1362360519626227713,19977449
news,1362360519626227713,1290587544330043394
news,1362360519626227713,22169773
news,1362360519626227713,303277118
news,1308393354120421376,2873763009
news,1308393354120421376,169248299
news,1308393354120421376,1464295423
news,1308393354120421376,426488154
news,1241401189721350145,69008563
news,1241401189721350145,950695925521018880
news,1241401189721350145,1299688519594586113
news,1241401189721350145,1214181376536141830
news,1328417466272321537,69008563
news,1328417466272321537,36042554
news,1340409077751566338,108247668
news,1340409077751566338,354198516
news,1340409077751566338,487468351
news,1167050866521780224,60505763
news,1350843455128399879,321021481
news,1350843455128399879,872351839232155649
news,1350843455128399879,798219859809234944
news,1350843455128399879,22169773
news,1334044250942676993,516464106
news,1334044250942676993,394892872
news,1234157609395146753,274243898
news,1234157609395146753,138545976
news,1234157609395146753,22894572
news,1234157609395146753,40048432
news,1367971795790397440,19457137
news,1367971795790397440,313925523
news,1367971795790397440,21302878
news,1369482917248970754,28785486
news,1368340015001042945,343041182
news,1367500677002452992,3001704118
news,1367500677002452992,368835879
news,1299377724415500293,430197021
news,1367487878259957765,33248475
news,1369321844449361921,60959527
news,1369460712054153219,1636520550
news,1369489233153515523,210274185
news,1322257618178609153,485580818
news,1322257618178609153,280414653
news,1322257618178609153,857200850250461184
news,1322257618178609153,333568300
news,1322257618178609153,89483276
news,1322257618178609153,481093426
news,1322257618178609153,951147732223356929
news,1322257618178609153,16238220
news,1322257618178609153,103005050
news,1369297616245231638,1312022806947926017
news,1369297616245231638,349083462
news,1369297616245231638,50771580
news,1369297616245231638,25268540
news,1369297616245231638,106061923
news,1369297616245231638,262194542
news,1369297616245231638,866215616
news,1369054744786989056,183747754
news,1369054744786989056,20680079
news,1369054744786989056,16946023
news,1369054744786989056,70707518
news,1368610152081985537,89750624
news,1368610152081985537,77632649
news,1368610152081985537,25251117
news,1368610152081985537,1208314404
news,1368610152081985537,866215616
news,1368610152081985537,288705520
news,1322257265496334336,485580818
news,1322257265496334336,280414653
news,1322257265496334336,857200850250461184
news,1322257265496334336,89483276
news,1322257265496334336,333568300
news,1322257265496334336,315982296
news,1322257265496334336,481093426
news,1322257265496334336,16238220
news,1322257265496334336,103005050
news,1294355303329341442,2815750198
news,1294355303329341442,45520770
news,1294355303329341442,118685634
news,1294355303329341442,37650988
news,1294355303329341442,183747754
news,1325738196374876161,280414653
news,1325738196374876161,239427916
news,1325738196374876161,347968546
news,1325738196374876161,114422199
news,1299756201509613568,27847134
news,1299756201509613568,153403071
news,1299756201509613568,19365839
news,1363181398908141579,89483276
news,1363181398908141579,455979955
news,1363181398908141579,1360878978211475458
news,1368271872002035713,627363601
news,1368271872002035713,866215616
news,1368271872002035713,70707518
news,1368177229285502976,1913993563
news,1368177229285502976,39836421
news,1368177229285502976,139826597
news,1347166067995660290,21066778
news,1347166067995660290,102753176
news,1369367452661014538,77161650
news,1369367452661014538,21417049
news,1368494502336475136,15383064
news,1368494502336475136,160865835
news,1368494502336475136,866215616
news,1368494502336475136,40210910
news,1325498916847153153,3097165264
news,1357749874645749765,1080924673758527489
news,1320101239363809280,246677188
news,1310279026741841922,370153877
news,1301614505823141888,371447090
news,1301614505823141888,20629110
news,1301614505823141888,1134552730146500608
news,1301614505823141888,378677314
news,1187825368067117057,131902103
news,1187825368067117057,2805156282
news,1187825368067117057,35631163
news,1187825368067117057,95115126
news,1187825368067117057,578464594
news,1187825368067117057,2511420397
news,1187825368067117057,213089561
news,1306044998408904704,309366491
news,1259322582949679104,15262454
news,1259322582949679104,941315324149927937
news,1368669282452840452,822810106823774209
news,1368669282452840452,106322069
news,1316050559518949376,477213534
news,1183046883347841024,1252308946339033088
news,1183046883347841024,91177692
news,1184552999428866048,69912252
news,1368939918727278599,840658585885560833
news,1342500356316667904,985916593065476096
news,1368747076528578560,932036367588130816
news,1327280720084164608,261171056
news,1369056709117808640,1251585615264542722
news,1368652673935933450,23544268
news,1368652673935933450,750751206427860992
news,1369040473008996353,408378958
news,1369025685893738496,937499232
news,1369025685893738496,29546945
news,1369025685893738496,1636590253
news,1368239051979943936,1227725047369887744
news,1368561876972494852,80096621
news,1366458502986694658,956049644177494017
news,1366458502986694658,763109683238363136
news,1367212776641359872,48903189
news,1367212776641359872,2150327072
news,1367243228701892609,290774297
news,1369459006129930241,992554666830454784
news,1366827740175896578,37979530
news,1366827740175896578,1188894653489147904
news,1369050447797907460,1328350296158908417
news,1368976123896336389,33956270
news,1368970511175151620,33956270
news,1368970511175151620,1086001021199872000
news,1368971556320206848,976604963743842304
news,1367212796631416832,1291450703471419392
news,1367212796631416832,2150327072
news,1367548427370786816,1300678026
news,1367837304509915140,161456486
news,1367837304509915140,17220817
news,1367479945686093825,1160657978
news,1367225773166190592,17877730
news,1368607626494308354,296520276
news,1366946573528100864,435497565
news,1367245903472558081,1367322109
news,1251269832122777600,30440025
news,1251269832122777600,52422878
news,1369343726611529728,26074684
news,1299755874915942401,417015148
news,1367288053547626496,39676694
news,1367842722678247427,228469684
news,1346121159134343168,1106170671573463040
news,1346121159134343168,18058052
news,1346121159134343168,432289697
news,1346121159134343168,135650513
news,762025473794867200,637075820
news,1217178366597570560,133663801
news,1217178366597570560,725241657608814592
news,1300884239626522624,2157651508
news,1351483359244005376,238179126
news,1351483359244005376,558572709
news,1351483359244005376,2977314262
news,1351483359244005376,84288520
news,1351483359244005376,288804720
news,1351483359244005376,34613288
news,1351483359244005376,961930212656275456
news,1286599815967776768,3025450914
news,1286599815967776768,19583545
news,1286599815967776768,361111841
news,1247840496569012225,765205531086745600
news,1247840496569012225,1114974258
news,1247840496569012225,379127878
news,1247840496569012225,239098915
news,1247840496569012225,241251394
news,1247840496569012225,46143892
news,764216312134590466,19583545
news,764216312134590466,164716956
news,764216312134590466,75240662
news,1291094964185825281,378751785
news,1296511004063473667,19583545
news,1238211420388569088,558797310
news,1238211420388569088,2719667759
news,1365047360934526982,34613288
news,1365047360934526982,360887604
news,1070275243552489472,602429239
news,1070275243552489472,3322745836
news,1366889537616498688,891450230
news,1366889537616498688,78109015
news,1369090194847186944,1010181
news,1367262209160736770,252482719
news,1342394653887369216,261171056
news,1368760958261268480,2383101684
news,1145785172069146626,1023959908687982593
news,1365693174493151234,89090040
news,1367236148385304576,1070224513046990848
news,1340053869758394370,921878030234079232
news,1368328702002671626,16597562
news,1368328702002671626,309366491
news,1368328702002671626,40592684
news,1366503879983030273,15169907
news,1242146375950675969,14632277
news,1242146375950675969,1106996547944738816
news,1242146375950675969,6488002
news,1242146375950675969,1154023267574919169
news,1359645020974845952,1683598100
news,1354051463190732800,1171155332917321730
news,1341013863110762496,985916593065476096
news,1357058139720478731,1171155332917321730
news,1357670309525131266,4711
news,1369453567367507968,1252732608250707969
news,1369453567367507968,1280588255042449409
news,1369453567367507968,2480319486
news,1368017377036660737,21446729
news,1349371181334474754,1166863355249774592
news,1242251884007534592,14632277
news,1242251884007534592,19424554
news,1242251884007534592,327071621
news,1242143080616087552,14632277
news,1242143080616087552,1106996547944738816
news,1242143080616087552,6488002
news,1242143080616087552,1154023267574919169
news,1357706176864129027,1449296004
news,1357706176864129027,807095
news,1357706176864129027,1124861
news,1358610352313757697,2155530182
news,1358610352313757697,73199937
news,1358615407775649792,811377
news,1336517598029213698,1318203646983757824
news,1336517598029213698,1307432781828374528
news,1369374583598571524,2321175670
news,1198044435163967488,353780675
news,1198044435163967488,1200181894450536449
news,1359935760627953665,1016038458941321216
news,1369442906671616001,20402945
news,1369492359243763717,805133391159066625
news,1369360371006472195,2845351270
news,1355113743504584706,57675653
news,1355113743504584706,19728272
news,1361587149062082561,1095082674383810560
news,1354775320658898944,25345002
news,1356654923870572546,902576832
news,1361600708764700674,69542069
news,1356664797979369475,166963684
news,1356664797979369475,902576832
news,1366587272477306883,12893862
news,1358993966020976640,373955776
news,1364866906658922496,57675653
news,1364866906658922496,19728272
news,1314195121861132288,1696821
news,1359391903838470147,256573194
news,1340975456644939777,73365668
news,1340975456644939777,2850323020
news,1340975456644939777,45777849
news,1340975456644939777,116699912
news,1340975456644939777,40101400
news,1340975456644939777,3100257690
news,1340975456644939777,256569627
news,1308893236723953665,2832973006
news,1321799645652307969,66573775
news,1321799645652307969,322929224
news,1321799645652307969,86089860
news,1321799645652307969,2893511188
news,1321799645652307969,15145732
news,1369299518739595270,1272221747740377088
news,1354966674525597698,44196397
news,1354966674525597698,1269612242783424512
news,1365338873287634950,1152653592542830592
news,1365338873287634950,1340306048582901761
news,1332399472039620612,181948237
news,1332399472039620612,53919756
news,1317126907926773763,14840013
news,1369465541925175296,8839632
news,1369469114620731393,232268199
news,1369589127168073728,137223549
news,1367963978421264385,21258337
news,1367963978421264385,43996908
news,1367963978421264385,22996985
news,1367963978421264385,23176276
news,1329459194601193472,28585586
news,1329459194601193472,852216342514204673
news,1364604015103778820,48144950
news,1364604015103778820,14437914
news,1298277043499462656,8386342
news,1346184604827279360,471741741
news,1369286911391637513,1199306546888544256
news,1363878818100875267,2803191
news,1369552724228980736,60959527
news,1369389341445873676,2303751216
news,1354520696358137868,17778727
news,1354520696358137868,19912819
news,1354520696358137868,12092012
news,1354520696358137868,15058596
news,1354520696358137868,715901816857358336
news,1354520696358137868,833071
news,1354520696358137868,12599552
news,1356255250680864768,2803191
news,1356255250680864768,325583244
news,1356255250680864768,12092012
news,1356255250680864768,179819182
news,1356255250680864768,1029090551814148096
news,1355169402128363523,12092012
news,1355169402128363523,418379573
news,1355169402128363523,2803191
news,1354446870312005635,1703636556
news,1354446870312005635,12092012
news,1354446870312005635,2803191
news,1365767910543691777,58561993
news,1365767910543691777,22330739
news,1334873804582121475,833071
news,1334873804582121475,66780587
news,1312137847378386944,81886977
news,1312137847378386944,74286565
news,1312137847378386944,132178432
news,1356662728111181824,20536157
news,1356662728111181824,33461893
news,1356662728111181824,31171669
news,1329861315624660993,21678051
news,1329861315624660993,1417400503
news,1329861315624660993,12947382
news,1369031455695900677,14231246
news,1369181799029571589,116522353
news,1369045377417162761,116522353
news,1369589858763673606,377949581
news,1369063128269479936,759251
news,1369063128269479936,14515799
news,1354853026545102849,2479152487
news,1331756802078334982,985916593065476096
news,1331756802078334982,426240908
news,1331756802078334982,2923474228
news,1367339191961489408,435497565
news,1367339191961489408,234661277
news,1367307559640571904,435497565
news,1368204280629444611,17461978
news,1368204280629444611,21926454
news,1367318893191196674,190059955
news,1367318893191196674,311623066
news,1369407651914932229,59839012
news,1366894541475696640,22695090
news,1367295348574728194,150367583
news,1367486237574123525,19042958
news,1367616598727614473,2371991585
news,1366848285361717252,2272672902
news,1368236771671162881,760982315841548290
news,1368236771671162881,956169889
news,1368236771671162881,3087039231
news,1368236771671162881,499704164
news,1368236771671162881,1324006941060964353
news,1368236771671162881,278508885
news,1354523590742446080,1123773645250289665
news,1365017631321858052,1295473175145390083
news,1307137727067029506,74580436
news,1307137727067029506,27147528
news,1212045448812417030,23439801
news,1357083144407552000,1295473175145390083
news,1369403796443570180,2230170215
news,1368844528170500098,840897886971924480
news,1366505349386240005,2329070186
news,1369267106215235589,2813712709
news,1369226708763746305,2478435423
news,1367226152549577157,3001704118
news,1367226152549577157,154586685
news,1367226152549577157,259683667
news,1367112526647934977,4704552148
news,1368637578694524931,1964571728
news,1366854672955240450,907314822328582145
news,1313215942826967040,74580436
news,1313215942826967040,18177126
news,1313215942826967040,907314822328582145
news,1368649404702408707,330253117
news,1368649404702408707,273665871
news,1368649404702408707,256551011
news,1369367467001315336,847238528
news,1369367467001315336,312316105
news,1367822755769573377,343627165
news,1367822755769573377,2396677714
news,1368170081633644548,343627165
news,1368170081633644548,1673820865
