user_id,followers_count,lists_count,received_likes_count,published_news_count,is_verified
100220864,86548,6,305249,12,0
101871654,188,9,287,25,0
1038082275689340928,5666,12,89019,26,0
1060978099146260480,62022,14,397980,36,0
10671602,35007,5,53558,17,0
108361327,6744,3,21699,10,0
10933912,1,2,2,2,0
11026952,2828,2,3901,2,0
110783489,1085,2,3003,3,0
111556576,77,3,115,3,0
1124816718,2,6,12,9,0
113696373,6498,4,38308,7,0
1141417774201184257,11406,2,69950,7,0
115093611,601,5,1451,5,0
116362700,16460,1,16460,1,0
118483749,711,4,1872,4,0
11856342,1058,5,18156,32,0
1205974434,15549,4,46244,4,0
1232061287301074945,6531,13,14966,20,0
1288485038,23526,16,287389,28,0
13058772,2,1,14,7,0
1305941,30,3,36,3,0
134209832,85,2,85,2,0
1344951,552,9,1905,36,0
1367531,992,20,10425,27,0
140845817,1455,12,5421,21,0
14130366,557,1,557,1,0
14173315,577,20,2724,26,0
14230524,265718,11,4240724,43,0
14293310,561,21,6400,45,0
14434070,48,12,85,15,0
14464766,244,7,1333,8,0
14800270,287,3,458,11,0
14885549,29,4,63,5,0
15012486,979,12,3544,15,0
15066760,61,5,157,6,0
15110357,8,3,21,3,0
15155074,14175,18,65277,39,0
15234657,209,9,1448,25,0
1543669128,55,3,71,3,0
155320577,669,2,732,4,0
155659213,327306,2,515676,2,0
155705264,19659,11,118662,22,0
1561168178,19437,3,26465,3,0
15635604,679,8,2171,15,0
156516240,1576,5,2651,9,0
15808647,74,13,1971,87,0
15900167,757,2,818,2,0
16184358,30,1,30,1,0
16201775,17179,4,18674,5,0
16211434,48,2,130,4,0
16212685,4253,3,4807,4,0
1636590253,6058,3,13197,3,0
1638021792,2104,7,6704,18,0
16573941,4125,8,24254,44,0
16727749,574,5,744,7,0
16973333,55,17,401,23,0
17019152,452,3,1147,8,0
17220817,700,8,2850,21,0
1754641,4,1,4,1,0
17602896,2902,12,8236,49,0
17919972,404675,11,7071819,89,0
180463340,164212,15,1356178,22,0
180505807,4,2,11,8,0
18222378,10911,4,17942,4,0
18228898,8037,5,12604,7,0
18256664,595,13,1340,15,0
18645813,1093,5,3502,5,0
18776605,711,5,2915,6,0
18847632,2708,11,16457,17,0
19028953,202548,5,1300009,14,0
19077044,659,5,1308,5,0
19110632,20,11,84,78,0
19114743,1622,5,4430,16,0
19230601,806,1,806,1,0
19263978,3159,6,5574,10,0
19373710,8534,13,122132,50,0
19407053,28,6,406,21,0
19564719,255,1,255,1,0
19583545,33593,8,212349,16,0
19604744,2638,3,5447,8,0
19798578,695,3,1424,3,0
202222127,317,4,596,4,0
20265254,1692,3,3064,4,0
203162990,433,5,2128,9,0
20322929,19938,1,19938,1,0
20346956,13744,9,57806,13,0
20562637,41,2,130,4,0
20571756,10,1,10,1,0
21001379,384,8,1644,8,0
213969309,21931,3,42879,3,0
214201922,24974,4,79084,11,0
214413743,4024,2,4169,2,0
21447363,35175,10,73215,14,0
2157651508,953,1,953,1,0
2176998871,497,5,873,6,0
21887420,10,4,29,5,0
225540697,20312,4,21342,5,0
22720074,19284,6,27097,9,0
22910295,8698,7,49309,10,0
23119425,193,8,381,8,0
232010910,632,8,1653,8,0
23375688,36603,4,137383,27,0
234270825,15,1,15,1,0
236956880,8969,3,12109,3,0
23695888,4,2,8,3,0
238475531,1744,8,11114,12,0
2396677714,58230,1,58230,1,0
23976386,569,2,1564,3,0
24008967,5,5,9,5,0
24016767,10,7,39,8,0
240664869,15413,1,15413,1,0
2412917082,1430,7,3910,8,0
2439032786,1424,3,1468,3,0
24742040,2253,10,48280,71,0
2485505982,1454,2,1787,2,0
250887629,4681,1,4681,1,0
252882791,5284,6,39271,11,0
25365536,68554,5,197096,18,0
25562270,31,8,326,17,0
2557521,17087,3,25507,11,0
2559865245,5727,2,6481,3,0
262230432,37187,1,37187,1,0
26389359,320,2,570,2,0
26565946,12667,2,25334,7,0
26585095,404,10,2582,39,0
265902729,122,1,122,1,0
27042513,112204,7,189273,16,0
27195114,153747,2,173895,2,0
273181052,1712,14,4967,42,0
2735591,14,6,322,59,0
275575393,124,1,248,2,0
2836755090,4002,10,22246,13,0
28785486,1571,46,15075,60,0
291428614,24803,1,49606,2,0
2941994339,108,4,164,5,0
297047872,4918,5,19250,9,0
29758446,4614,7,25581,10,0
29945848,1,1,1,1,0
3001704118,415,7,1103,8,0
3004231,1295,5,5009,9,0
30599331,1,1,1,1,0
310072711,20673,2,41368,4,0
310463188,2060,6,5729,6,0
314792669,7793,10,30657,20,0
318967677,23,1,23,1,0
331908924,1628,6,7350,14,0
3339261074,1117,10,1183,13,0
337789021,1102,13,5980,14,0
34097876,396,6,1060,8,0
34507480,436536,13,3870919,49,0
34613288,13728,9,136384,31,0
34713362,30,2,47,2,0
34992644,21,3,103,6,0
353786894,37033,3,50291,3,0
35727881,707,7,1313,7,0
35999306,121,3,543,7,0
36184220,894,6,3023,9,0
368276033,1817,8,32899,30,0
368815525,2117,1,4234,2,0
37570179,122,2,247,3,0
38633321,984,5,1261,5,0
395305090,57837,4,114304,4,0
39887890,967,1,967,1,0
42703075,60,10,215,11,0
43192807,12728,16,94759,50,0
43815496,10899,8,34113,12,0
452155423,9605,6,17285,9,0
46403451,22,5,184,10,0
46467162,4707,5,4715,9,0
47786101,87146,6,412631,13,0
48410093,24710,2,46299,2,0
50374439,11370,1,11370,1,0
50393960,87885,5,100913,5,0
516464106,3277,1,3277,1,0
517077573,139027,4,599988,7,0
52484614,53,2,78,2,0
53372965,3,5,12,9,0
537951506,38780,1,38780,1,0
5391882,37,9,111,14,0
55010030,3301,11,14946,11,0
55365711,256,6,1580,17,0
556260847,18375,4,31723,4,0
558797310,4938,2,19558,4,0
56518880,13267,4,15186,4,0
58560480,173,4,427,6,0
5988062,215,21,1359,21,0
600435408,12174,8,59139,12,0
612782611,928,4,928,10,0
6207392,2217,5,7205,5,0
621583,74,13,367,45,0
624413,26,1,26,1,0
63525135,2565,5,19314,14,0
6446742,12172,2,14947,2,0
65184105,1842,10,6842,17,0
6527972,21,10,59,15,0
65468720,70,5,454,10,0
67358777,14,2,18,2,0
68674747,5811,3,10355,3,0
715177919438577664,17864,9,238857,35,0
72915722,735,6,5883,18,0
74177227,17,3,89,7,0
759251,3941,17,62941,47,0
75974281,5133,2,14668,3,0
772493970,19,2,51,3,0
773069256,988,3,2725,6,0
77596200,14250,4,71354,9,0
7905122,23,7,89,8,0
79293791,875094,7,3388011,36,0
807095,1154,13,10550,85,0
811377,4498,3,49620,13,0
816653,175,6,271,6,0
821102114,21759,17,589221,130,0
82652901,1504,15,5365,48,0
847238528,51200,4,90632,4,0
87818409,825,21,3876,25,0
89366493,5523,4,8919,5,0
90057442,527,2,590,2,0
90963591,1,1,1,1,0
93819292,6942,4,12316,4,0
95955871,16432,16,126898,17,0
9676212,3,5,17,9,0
96829836,675,2,1128,2,0
96951800,15639,6,79323,13,0
985916593065476096,5912,6,32495,20,0
