user_id,algorithm,mrr,map,ndcg,precision_at_1,precision_at_2,precision_at_3,precision_at_4,precision_at_5,precision_at_10
1,B1-STATE_ART,1.0,0.9093537414965985,0.9683310355387569,1.0,1.0,1.0,0.75,0.8,0.7
2,B1-STATE_ART,1.0,0.9467813051146384,0.9842184869190973,1.0,1.0,1.0,1.0,1.0,0.9
3,B1-STATE_ART,1.0,1.0,1.0,1.0,1.0,0.6666666666666666,0.5,0.4,0.2
4,B1-STATE_ART,1.0,0.9067956349206348,0.9672068480996276,1.0,1.0,1.0,0.75,0.8,0.8
5,B1-STATE_ART,0.5,0.7856701940035273,0.8328978515038054,0.0,0.5,0.6666666666666666,0.75,0.8,0.9
6,B1-STATE_ART,1.0,0.7180555555555554,0.8749486878739774,1.0,0.5,0.6666666666666666,0.75,0.6,0.6
7,B1-STATE_ART,1.0,0.8401360544217688,0.9459073824327568,1.0,1.0,1.0,0.75,0.8,0.7
8,B1-STATE_ART,1.0,1.0,1.0,1.0,1.0,1.0,1.0,1.0,1.0
9,B1-STATE_ART,1.0,0.8917233560090703,0.9652102434192421,1.0,1.0,1.0,1.0,0.8,0.7
10,B1-STATE_ART,1.0,1.0,1.0,1.0,1.0,1.0,1.0,1.0,1.0
11,B1-STATE_ART,0.2,0.3151785714285714,0.517142637277806,0.0,0.0,0.0,0.0,0.2,0.4
12,B1-STATE_ART,1.0,0.8954648526077096,0.9643632283499571,1.0,1.0,1.0,0.75,0.8,0.7
13,B1-STATE_ART,1.0,0.7000000000000001,0.8529278650606567,1.0,0.5,0.3333333333333333,0.5,0.6,0.3
15,B1-STATE_ART,0.3333333333333333,0.4444444444444444,0.6039071644781281,0.0,0.0,0.3333333333333333,0.5,0.4,0.3
16,B1-STATE_ART,0.5,0.35,0.5640920940185894,0.0,0.5,0.3333333333333333,0.25,0.2,0.2
17,B1-STATE_ART,1.0,1.0,1.0,1.0,1.0,1.0,1.0,1.0,0.8
18,B1-STATE_ART,1.0,0.6666666666666666,0.8315546295836225,1.0,0.5,0.3333333333333333,0.25,0.2,0.2
19,B1-STATE_ART,0.2,0.3923809523809524,0.5701022001683288,0.0,0.0,0.0,0.0,0.2,0.5
20,B1-STATE_ART,0.25,0.5021825396825397,0.6425958210520416,0.0,0.0,0.0,0.25,0.4,0.6
21,B1-STATE_ART,1.0,0.5694444444444444,0.7844801364718913,1.0,0.5,0.3333333333333333,0.25,0.2,0.3
22,B1-STATE_ART,1.0,0.9765432098765433,0.9937947856332161,1.0,1.0,1.0,1.0,1.0,0.9
23,B1-STATE_ART,1.0,1.0,1.0,1.0,1.0,1.0,1.0,1.0,1.0
24,B1-STATE_ART,1.0,0.9129251700680271,0.9731203984025375,1.0,1.0,1.0,1.0,0.8,0.7
25,B1-STATE_ART,1.0,0.9888888888888889,0.9971876401972101,1.0,1.0,1.0,1.0,1.0,0.9
26,B1-STATE_ART,1.0,0.5523809523809524,0.7780573279296032,1.0,0.5,0.3333333333333333,0.25,0.2,0.5
27,B1-STATE_ART,1.0,0.9087301587301587,0.9714977244644463,1.0,1.0,1.0,1.0,0.8,0.7
28,B1-STATE_ART,0.3333333333333333,0.2851851851851852,0.511558309303655,0.0,0.0,0.3333333333333333,0.25,0.2,0.3
29,B1-STATE_ART,1.0,0.7972789115646258,0.9223960604395118,1.0,1.0,0.6666666666666666,0.75,0.6,0.7
30,B1-STATE_ART,1.0,0.6192857142857143,0.8112231196105879,1.0,0.5,0.3333333333333333,0.25,0.4,0.5
31,B1-STATE_ART,1.0,0.6488095238095237,0.838847952689218,1.0,0.5,0.6666666666666666,0.5,0.4,0.4
32,B1-STATE_ART,0.5,0.5833333333333333,0.6934264036172708,0.0,0.5,0.6666666666666666,0.5,0.4,0.2
33,B1-STATE_ART,1.0,0.8520408163265306,0.9498751896215565,1.0,1.0,1.0,0.75,0.8,0.7
34,B1-STATE_ART,1.0,0.575,0.7933009890796178,1.0,0.5,0.3333333333333333,0.25,0.4,0.4
35,B1-STATE_ART,0.0,0.0,0.0,0.0,0.0,0.0,0.0,0.0,0.0
36,B1-STATE_ART,1.0,0.9467813051146384,0.9842184869190973,1.0,1.0,1.0,1.0,1.0,0.9
37,B1-STATE_ART,0.5,0.45,0.6240505200038379,0.0,0.5,0.3333333333333333,0.25,0.4,0.2
38,B1-STATE_ART,1.0,1.0,1.0,1.0,1.0,1.0,1.0,1.0,1.0
39,B1-STATE_ART,0.2,0.2888888888888889,0.4899692203633839,0.0,0.0,0.0,0.0,0.2,0.3
40,B1-STATE_ART,1.0,0.7944444444444445,0.9221235176732561,1.0,1.0,0.6666666666666666,0.75,0.6,0.5
41,B1-STATE_ART,1.0,1.0,1.0,1.0,0.5,0.3333333333333333,0.25,0.2,0.1
42,B1-STATE_ART,1.0,0.7986111111111112,0.9223260797603763,1.0,1.0,0.6666666666666666,0.75,0.6,0.4
43,B1-STATE_ART,0.0,0.0,0.0,0.0,0.0,0.0,0.0,0.0,0.0
44,B1-STATE_ART,0.5,0.6041666666666666,0.7327711443782634,0.0,0.5,0.6666666666666666,0.75,0.6,0.4
45,B1-STATE_ART,0.3333333333333333,0.3333333333333333,0.5249810332008933,0.0,0.0,0.3333333333333333,0.25,0.2,0.2
46,B1-STATE_ART,0.5,0.5961904761904762,0.725124396546942,0.0,0.5,0.3333333333333333,0.5,0.6,0.5
47,B1-STATE_ART,0.5,0.7856701940035273,0.8328978515038054,0.0,0.5,0.6666666666666666,0.75,0.8,0.9
48,B1-STATE_ART,0.3333333333333333,0.33134920634920634,0.5391065605018962,0.0,0.0,0.3333333333333333,0.25,0.2,0.3
49,B1-STATE_ART,1.0,0.9666666666666666,0.9896062251871525,1.0,1.0,1.0,1.0,0.8,0.5
50,B1-STATE_ART,0.5,0.519047619047619,0.7016521873278284,0.0,0.5,0.6666666666666666,0.5,0.4,0.5
51,B1-STATE_ART,1.0,0.9571428571428572,0.9878316351280039,1.0,1.0,1.0,1.0,1.0,0.7
53,B1-STATE_ART,0.0,0.0,0.0,0.0,0.0,0.0,0.0,0.0,0.0
54,B1-STATE_ART,1.0,0.8305555555555554,0.9361705073520016,1.0,1.0,0.6666666666666666,0.75,0.8,0.6
55,B1-STATE_ART,1.0,0.8782627865961198,0.9504206262110481,1.0,1.0,0.6666666666666666,0.75,0.8,0.9
57,B1-STATE_ART,0.5,0.49652777777777773,0.6821597128635729,0.0,0.5,0.6666666666666666,0.5,0.4,0.4
58,B1-STATE_ART,1.0,1.0,1.0,1.0,1.0,1.0,1.0,1.0,1.0
60,B1-STATE_ART,1.0,1.0,1.0,1.0,1.0,1.0,1.0,1.0,1.0
61,B1-STATE_ART,0.5,0.6347222222222222,0.7632671405540984,0.0,0.5,0.6666666666666666,0.75,0.6,0.6
62,B1-STATE_ART,1.0,1.0,1.0,1.0,1.0,1.0,1.0,1.0,1.0
63,B1-STATE_ART,0.25,0.25740740740740736,0.4790262927928244,0.0,0.0,0.0,0.25,0.2,0.3
66,B1-STATE_ART,1.0,1.0,1.0,1.0,1.0,0.6666666666666666,0.5,0.4,0.2
68,B1-STATE_ART,1.0,1.0,1.0,1.0,1.0,1.0,1.0,1.0,1.0
70,B1-STATE_ART,1.0,1.0,1.0,1.0,1.0,1.0,1.0,1.0,1.0
71,B1-STATE_ART,1.0,0.8687074829931973,0.9579534943578898,1.0,1.0,1.0,1.0,0.8,0.7
72,B1-STATE_ART,1.0,0.8644345238095237,0.9466454870600813,1.0,1.0,0.6666666666666666,0.75,0.8,0.8
73,B1-STATE_ART,0.3333333333333333,0.4609523809523809,0.6326891704378731,0.0,0.0,0.3333333333333333,0.25,0.4,0.5
74,B1-STATE_ART,0.3333333333333333,0.569047619047619,0.6948159055899311,0.0,0.0,0.3333333333333333,0.5,0.6,0.6
76,B1-STATE_ART,0.3333333333333333,0.2777777777777778,0.4911492931622974,0.0,0.0,0.3333333333333333,0.25,0.2,0.2
77,B1-STATE_ART,0.5,0.6535714285714285,0.7760784709829227,0.0,0.5,0.6666666666666666,0.75,0.6,0.7
78,B1-STATE_ART,0.0,0.0,0.0,0.0,0.0,0.0,0.0,0.0,0.0
79,B1-STATE_ART,0.5,0.4571428571428572,0.6574017496914832,0.0,0.5,0.3333333333333333,0.5,0.4,0.4
81,B1-STATE_ART,1.0,0.9765432098765433,0.9937947856332161,1.0,1.0,1.0,1.0,1.0,0.9
1,B1-SCSA_PLUS,1.0,0.8631519274376417,0.9531641314941091,1.0,1.0,1.0,0.75,0.8,0.7
2,B1-SCSA_PLUS,1.0,0.9282627865961199,0.9770153702993118,1.0,1.0,1.0,1.0,0.8,0.9
3,B1-SCSA_PLUS,1.0,0.8333333333333333,0.9197207891481876,1.0,0.5,0.6666666666666666,0.5,0.4,0.2
4,B1-SCSA_PLUS,1.0,0.8338789682539682,0.9165542635924872,1.0,0.5,0.6666666666666666,0.75,0.8,0.8
5,B1-SCSA_PLUS,0.5,0.7856701940035273,0.8328978515038054,0.0,0.5,0.6666666666666666,0.75,0.8,0.9
6,B1-SCSA_PLUS,1.0,0.7884920634920634,0.9199753853803091,1.0,1.0,0.6666666666666666,0.75,0.6,0.6
7,B1-SCSA_PLUS,1.0,0.9240362811791382,0.9764093402750902,1.0,1.0,1.0,1.0,0.8,0.7
8,B1-SCSA_PLUS,1.0,1.0,1.0,1.0,1.0,1.0,1.0,1.0,1.0
9,B1-SCSA_PLUS,1.0,0.8083900226757369,0.9256850023120645,1.0,1.0,0.6666666666666666,0.75,0.6,0.7
10,B1-SCSA_PLUS,1.0,1.0,1.0,1.0,1.0,1.0,1.0,1.0,1.0
11,B1-SCSA_PLUS,0.3333333333333333,0.3972222222222222,0.5975212186578347,0.0,0.0,0.3333333333333333,0.25,0.2,0.5
12,B1-SCSA_PLUS,1.0,0.7857142857142857,0.9011178066338841,1.0,0.5,0.6666666666666666,0.75,0.8,0.7
13,B1-SCSA_PLUS,0.25,0.3277777777777778,0.5249161118977292,0.0,0.0,0.0,0.25,0.4,0.3
15,B1-SCSA_PLUS,0.5,0.5333333333333333,0.6797310500037655,0.0,0.5,0.3333333333333333,0.5,0.6,0.3
16,B1-SCSA_PLUS,1.0,0.6,0.7903864795495061,1.0,0.5,0.3333333333333333,0.25,0.2,0.2
17,B1-SCSA_PLUS,1.0,0.9704861111111112,0.9918291064614978,1.0,1.0,1.0,1.0,1.0,0.8
18,B1-SCSA_PLUS,1.0,0.6666666666666666,0.8315546295836225,1.0,0.5,0.3333333333333333,0.25,0.2,0.2
19,B1-SCSA_PLUS,0.3333333333333333,0.4434920634920635,0.6229291093971973,0.0,0.0,0.3333333333333333,0.25,0.4,0.5
20,B1-SCSA_PLUS,0.25,0.44457671957671957,0.6130049420154863,0.0,0.0,0.0,0.25,0.2,0.6
21,B1-SCSA_PLUS,1.0,0.5777777777777777,0.7920874914199381,1.0,0.5,0.3333333333333333,0.25,0.4,0.3
22,B1-SCSA_PLUS,1.0,0.9765432098765433,0.9937947856332161,1.0,1.0,1.0,1.0,1.0,0.9
23,B1-SCSA_PLUS,1.0,1.0,1.0,1.0,1.0,1.0,1.0,1.0,1.0
24,B1-SCSA_PLUS,1.0,0.8329931972789115,0.9414514339412944,1.0,1.0,1.0,0.75,0.6,0.7
25,B1-SCSA_PLUS,1.0,1.0,1.0,1.0,1.0,1.0,1.0,1.0,0.9
26,B1-SCSA_PLUS,0.25,0.41349206349206347,0.589023581790248,0.0,0.0,0.0,0.25,0.2,0.5
27,B1-SCSA_PLUS,1.0,0.8843537414965985,0.9610742864774044,1.0,1.0,1.0,0.75,0.8,0.7
28,B1-SCSA_PLUS,0.25,0.26666666666666666,0.48580027541592796,0.0,0.0,0.0,0.25,0.2,0.3
29,B1-SCSA_PLUS,1.0,0.8486394557823128,0.9420189129756219,1.0,1.0,0.6666666666666666,0.75,0.8,0.7
30,B1-SCSA_PLUS,1.0,0.7392857142857142,0.8940043068327738,1.0,1.0,0.6666666666666666,0.5,0.4,0.5
31,B1-SCSA_PLUS,0.5,0.46825396825396826,0.6620727130989752,0.0,0.5,0.3333333333333333,0.5,0.4,0.4
32,B1-SCSA_PLUS,0.5,0.5833333333333333,0.6934264036172708,0.0,0.5,0.6666666666666666,0.5,0.4,0.2
33,B1-SCSA_PLUS,1.0,0.7282312925170068,0.8743604579832848,1.0,0.5,0.6666666666666666,0.5,0.6,0.7
34,B1-SCSA_PLUS,1.0,0.6111111111111112,0.815079870530422,1.0,0.5,0.3333333333333333,0.5,0.4,0.4
35,B1-SCSA_PLUS,0.0,0.0,0.0,0.0,0.0,0.0,0.0,0.0,0.0
36,B1-SCSA_PLUS,1.0,0.9765432098765433,0.9937947856332161,1.0,1.0,1.0,1.0,1.0,0.9
37,B1-SCSA_PLUS,0.2,0.26666666666666666,0.45560514958746035,0.0,0.0,0.0,0.0,0.2,0.2
38,B1-SCSA_PLUS,1.0,1.0,1.0,1.0,1.0,1.0,1.0,1.0,1.0
39,B1-SCSA_PLUS,0.25,0.30357142857142855,0.5065745439910657,0.0,0.0,0.0,0.25,0.2,0.3
40,B1-SCSA_PLUS,1.0,0.7595238095238095,0.8886733622104969,1.0,0.5,0.6666666666666666,0.75,0.6,0.5
41,B1-SCSA_PLUS,1.0,1.0,1.0,1.0,0.5,0.3333333333333333,0.25,0.2,0.1
42,B1-SCSA_PLUS,1.0,0.6361111111111111,0.8270433092474515,1.0,0.5,0.3333333333333333,0.5,0.6,0.4
43,B1-SCSA_PLUS,0.0,0.0,0.0,0.0,0.0,0.0,0.0,0.0,0.0
44,B1-SCSA_PLUS,1.0,0.775,0.910853251331002,1.0,1.0,0.6666666666666666,0.5,0.6,0.4
45,B1-SCSA_PLUS,0.5,0.5833333333333333,0.6934264036172708,0.0,0.5,0.6666666666666666,0.5,0.4,0.2
46,B1-SCSA_PLUS,0.3333333333333333,0.531111111111111,0.6697622278142621,0.0,0.0,0.3333333333333333,0.5,0.6,0.5
47,B1-SCSA_PLUS,0.5,0.7856701940035273,0.8328978515038054,0.0,0.5,0.6666666666666666,0.75,0.8,0.9
48,B1-SCSA_PLUS,1.0,0.6666666666666666,0.8451850618939637,1.0,0.5,0.6666666666666666,0.5,0.4,0.3
49,B1-SCSA_PLUS,1.0,0.9666666666666666,0.9896062251871525,1.0,1.0,1.0,1.0,0.8,0.5
50,B1-SCSA_PLUS,0.5,0.4746031746031746,0.6732446972893747,0.0,0.5,0.3333333333333333,0.5,0.4,0.5
51,B1-SCSA_PLUS,1.0,0.9478458049886621,0.9848330959553522,1.0,1.0,1.0,1.0,1.0,0.7
53,B1-SCSA_PLUS,0.0,0.0,0.0,0.0,0.0,0.0,0.0,0.0,0.0
54,B1-SCSA_PLUS,1.0,0.8555555555555555,0.9441592263400607,1.0,1.0,0.6666666666666666,0.75,0.8,0.6
55,B1-SCSA_PLUS,1.0,0.9467813051146384,0.9842184869190973,1.0,1.0,1.0,1.0,1.0,0.9
57,B1-SCSA_PLUS,0.3333333333333333,0.4154761904761905,0.5994875209249215,0.0,0.0,0.3333333333333333,0.25,0.4,0.4
58,B1-SCSA_PLUS,1.0,1.0,1.0,1.0,1.0,1.0,1.0,1.0,1.0
60,B1-SCSA_PLUS,1.0,1.0,1.0,1.0,1.0,1.0,1.0,1.0,1.0
61,B1-SCSA_PLUS,0.5,0.6746031746031745,0.7766628976189615,0.0,0.5,0.6666666666666666,0.75,0.6,0.6
62,B1-SCSA_PLUS,1.0,1.0,1.0,1.0,1.0,1.0,1.0,1.0,1.0
63,B1-SCSA_PLUS,0.14285714285714285,0.28154761904761905,0.483639123806428,0.0,0.0,0.0,0.0,0.0,0.4
66,B1-SCSA_PLUS,1.0,1.0,1.0,1.0,1.0,0.6666666666666666,0.5,0.4,0.2
68,B1-SCSA_PLUS,1.0,1.0,1.0,1.0,1.0,1.0,1.0,1.0,1.0
70,B1-SCSA_PLUS,1.0,1.0,1.0,1.0,1.0,1.0,1.0,1.0,1.0
71,B1-SCSA_PLUS,1.0,0.7947278911564626,0.9262845298966467,1.0,1.0,1.0,0.75,0.6,0.7
72,B1-SCSA_PLUS,0.5,0.7602678571428572,0.8201741356762527,0.0,0.5,0.6666666666666666,0.75,0.8,0.8
73,B1-SCSA_PLUS,0.25,0.43,0.6031171482531633,0.0,0.0,0.0,0.25,0.4,0.5
74,B1-SCSA_PLUS,0.5,0.6231481481481481,0.7588991106880891,0.0,0.5,0.6666666666666666,0.75,0.6,0.6
76,B1-SCSA_PLUS,0.3333333333333333,0.29166666666666663,0.5,0.0,0.0,0.3333333333333333,0.25,0.2,0.2
77,B1-SCSA_PLUS,1.0,0.7916666666666667,0.9219403931203303,1.0,1.0,0.6666666666666666,0.75,0.8,0.7
78,B1-SCSA_PLUS,0.0,0.0,0.0,0.0,0.0,0.0,0.0,0.0,0.0
79,B1-SCSA_PLUS,1.0,0.6104166666666666,0.8215664107074527,1.0,0.5,0.6666666666666666,0.5,0.4,0.4
81,B1-SCSA_PLUS,1.0,0.9282627865961199,0.9770153702993118,1.0,1.0,1.0,1.0,0.8,0.9
1,B1-SCSA_PLUS_V3,1.0,0.936734693877551,0.9815441540827996,1.0,1.0,1.0,1.0,1.0,0.7
2,B1-SCSA_PLUS_V3,1.0,0.9626543209876544,0.9895948844467957,1.0,1.0,1.0,1.0,1.0,0.9
3,B1-SCSA_PLUS_V3,0.125,0.1625,0.3706656904013186,0.0,0.0,0.0,0.0,0.0,0.2
4,B1-SCSA_PLUS_V3,1.0,0.9472222222222222,0.9851514063429596,1.0,1.0,1.0,1.0,1.0,0.8
5,B1-SCSA_PLUS_V3,1.0,0.9060405643738976,0.9667147927059906,1.0,1.0,1.0,0.75,0.8,0.9
6,B1-SCSA_PLUS_V3,1.0,0.7021825396825396,0.8680270045157376,1.0,0.5,0.6666666666666666,0.75,0.6,0.6
7,B1-SCSA_PLUS_V3,0.3333333333333333,0.5566326530612244,0.694276258299447,0.0,0.0,0.3333333333333333,0.5,0.4,0.7
8,B1-SCSA_PLUS_V3,1.0,1.0,1.0,1.0,1.0,1.0,1.0,1.0,1.0
9,B1-SCSA_PLUS_V3,1.0,0.8214285714285714,0.9331394899761785,1.0,1.0,0.6666666666666666,0.75,0.8,0.7
10,B1-SCSA_PLUS_V3,1.0,1.0,1.0,1.0,1.0,1.0,1.0,1.0,1.0
11,B1-SCSA_PLUS_V3,0.2,0.24074074074074073,0.45846073882962946,0.0,0.0,0.0,0.0,0.2,0.3
12,B1-SCSA_PLUS_V3,1.0,0.8976190476190476,0.9682087825918937,1.0,1.0,1.0,1.0,0.8,0.7
13,B1-SCSA_PLUS_V3,0.3333333333333333,0.34722222222222215,0.5498407734605131,0.0,0.0,0.3333333333333333,0.25,0.2,0.3
15,B1-SCSA_PLUS_V3,0.3333333333333333,0.35555555555555557,0.55744812840856,0.0,0.0,0.3333333333333333,0.25,0.4,0.3
16,B1-SCSA_PLUS_V3,0.5,0.375,0.5802792108518124,0.0,0.5,0.3333333333333333,0.25,0.2,0.2
17,B1-SCSA_PLUS_V3,1.0,0.8552579365079365,0.95022367789117,1.0,1.0,1.0,0.75,0.8,0.8
18,B1-SCSA_PLUS_V3,1.0,0.6666666666666666,0.8315546295836225,1.0,0.5,0.3333333333333333,0.25,0.2,0.2
19,B1-SCSA_PLUS_V3,0.5,0.5333333333333333,0.7094100882694506,0.0,0.5,0.6666666666666666,0.5,0.4,0.5
20,B1-SCSA_PLUS_V3,0.5,0.7166666666666668,0.7928580195906539,0.0,0.5,0.6666666666666666,0.75,0.8,0.6
21,B1-SCSA_PLUS_V3,0.25,0.33730158730158727,0.5256940434743352,0.0,0.0,0.0,0.25,0.2,0.3
22,B1-SCSA_PLUS_V3,1.0,0.8412257495590829,0.9196461703481416,1.0,0.5,0.6666666666666666,0.75,0.8,0.9
23,B1-SCSA_PLUS_V3,1.0,1.0,1.0,1.0,1.0,1.0,1.0,1.0,1.0
24,B1-SCSA_PLUS_V3,1.0,0.804421768707483,0.9268520089309742,1.0,1.0,0.6666666666666666,0.75,0.8,0.7
25,B1-SCSA_PLUS_V3,1.0,0.9467813051146384,0.9842184869190973,1.0,1.0,1.0,1.0,1.0,0.9
26,B1-SCSA_PLUS_V3,1.0,0.8,0.9277589908435726,1.0,1.0,1.0,0.75,0.6,0.5
27,B1-SCSA_PLUS_V3,1.0,0.9325396825396826,0.9799214801447083,1.0,1.0,1.0,1.0,1.0,0.7
28,B1-SCSA_PLUS_V3,1.0,0.6,0.8070380459557518,1.0,0.5,0.3333333333333333,0.5,0.4,0.3
29,B1-SCSA_PLUS_V3,1.0,0.8083900226757369,0.9256850023120645,1.0,1.0,0.6666666666666666,0.75,0.6,0.7
30,B1-SCSA_PLUS_V3,0.5,0.519047619047619,0.7016521873278284,0.0,0.5,0.6666666666666666,0.5,0.4,0.5
31,B1-SCSA_PLUS_V3,1.0,0.6,0.8104089071229301,1.0,0.5,0.3333333333333333,0.5,0.4,0.4
32,B1-SCSA_PLUS_V3,0.125,0.1736111111111111,0.37800210039683896,0.0,0.0,0.0,0.0,0.0,0.2
33,B1-SCSA_PLUS_V3,1.0,0.936734693877551,0.9815441540827996,1.0,1.0,1.0,1.0,1.0,0.7
34,B1-SCSA_PLUS_V3,0.5,0.45714285714285713,0.6505998846696008,0.0,0.5,0.3333333333333333,0.25,0.4,0.4
35,B1-SCSA_PLUS_V3,0.0,0.0,0.0,0.0,0.0,0.0,0.0,0.0,0.0
36,B1-SCSA_PLUS_V3,1.0,0.8951388888888888,0.9670943502702474,1.0,1.0,1.0,1.0,0.8,0.8
37,B1-SCSA_PLUS_V3,0.5,0.39285714285714285,0.5912352048230277,0.0,0.5,0.3333333333333333,0.25,0.2,0.2
38,B1-SCSA_PLUS_V3,1.0,1.0,1.0,1.0,1.0,1.0,1.0,1.0,1.0
39,B1-SCSA_PLUS_V3,0.2,0.24074074074074073,0.45846073882962946,0.0,0.0,0.0,0.0,0.2,0.3
40,B1-SCSA_PLUS_V3,1.0,0.7253968253968253,0.8891085695884217,1.0,1.0,0.6666666666666666,0.5,0.4,0.5
41,B1-SCSA_PLUS_V3,1.0,1.0,1.0,1.0,0.5,0.3333333333333333,0.25,0.2,0.1
42,B1-SCSA_PLUS_V3,1.0,0.7048611111111112,0.8773497378596238,1.0,1.0,0.6666666666666666,0.5,0.4,0.4
43,B1-SCSA_PLUS_V3,0.0,0.0,0.0,0.0,0.0,0.0,0.0,0.0,0.0
44,B1-SCSA_PLUS_V3,0.5,0.4298611111111111,0.6379893060953273,0.0,0.5,0.3333333333333333,0.25,0.4,0.4
45,B1-SCSA_PLUS_V3,0.16666666666666666,0.22619047619047616,0.4227898344066503,0.0,0.0,0.0,0.0,0.0,0.2
46,B1-SCSA_PLUS_V3,0.5,0.46349206349206346,0.6569414966820691,0.0,0.5,0.3333333333333333,0.25,0.2,0.5
47,B1-SCSA_PLUS_V3,0.5,0.7856701940035273,0.8328978515038054,0.0,0.5,0.6666666666666666,0.75,0.8,0.9
48,B1-SCSA_PLUS_V3,0.5,0.38690476190476186,0.6005491084563833,0.0,0.5,0.3333333333333333,0.25,0.2,0.3
49,B1-SCSA_PLUS_V3,1.0,0.9428571428571428,0.9818483242455303,1.0,1.0,1.0,1.0,0.8,0.5
50,B1-SCSA_PLUS_V3,1.0,0.6422222222222222,0.8400820663770346,1.0,0.5,0.6666666666666666,0.5,0.6,0.5
51,B1-SCSA_PLUS_V3,1.0,0.785374149659864,0.9184282532507121,1.0,1.0,0.6666666666666666,0.75,0.6,0.7
53,B1-SCSA_PLUS_V3,0.0,0.0,0.0,0.0,0.0,0.0,0.0,0.0,0.0
54,B1-SCSA_PLUS_V3,1.0,0.7271825396825397,0.8887327416814557,1.0,1.0,0.6666666666666666,0.5,0.4,0.6
55,B1-SCSA_PLUS_V3,1.0,0.9888888888888889,0.9971876401972101,1.0,1.0,1.0,1.0,1.0,0.9
57,B1-SCSA_PLUS_V3,0.5,0.5428571428571429,0.6955762265703532,0.0,0.5,0.3333333333333333,0.5,0.6,0.4
58,B1-SCSA_PLUS_V3,1.0,1.0,1.0,1.0,1.0,1.0,1.0,1.0,1.0
60,B1-SCSA_PLUS_V3,1.0,1.0,1.0,1.0,1.0,1.0,1.0,1.0,1.0
61,B1-SCSA_PLUS_V3,0.5,0.5259259259259259,0.7030583370281497,0.0,0.5,0.3333333333333333,0.5,0.4,0.6
62,B1-SCSA_PLUS_V3,1.0,1.0,1.0,1.0,1.0,1.0,1.0,1.0,1.0
63,B1-SCSA_PLUS_V3,0.5,0.5317460317460317,0.6871475159848289,0.0,0.5,0.6666666666666666,0.5,0.4,0.3
66,B1-SCSA_PLUS_V3,0.5,0.5,0.6509209298071326,0.0,0.5,0.3333333333333333,0.5,0.4,0.2
68,B1-SCSA_PLUS_V3,1.0,0.9282627865961199,0.9770153702993118,1.0,1.0,1.0,1.0,0.8,0.9
70,B1-SCSA_PLUS_V3,1.0,1.0,1.0,1.0,1.0,1.0,1.0,1.0,1.0
71,B1-SCSA_PLUS_V3,1.0,0.961734693877551,0.9888009031441519,1.0,1.0,1.0,1.0,1.0,0.7
72,B1-SCSA_PLUS_V3,1.0,0.9159722222222222,0.97484593625304,1.0,1.0,1.0,1.0,1.0,0.8
73,B1-SCSA_PLUS_V3,1.0,0.885,0.9609247825245575,1.0,1.0,1.0,0.75,0.8,0.5
74,B1-SCSA_PLUS_V3,0.25,0.5021825396825397,0.6425958210520416,0.0,0.0,0.0,0.25,0.4,0.6
76,B1-SCSA_PLUS_V3,0.3333333333333333,0.26666666666666666,0.48381288316677695,0.0,0.0,0.3333333333333333,0.25,0.2,0.2
77,B1-SCSA_PLUS_V3,1.0,0.6925170068027212,0.8513372772927025,1.0,0.5,0.3333333333333333,0.5,0.6,0.7
78,B1-SCSA_PLUS_V3,0.0,0.0,0.0,0.0,0.0,0.0,0.0,0.0,0.0
79,B1-SCSA_PLUS_V3,0.5,0.44047619047619047,0.6386364459525711,0.0,0.5,0.3333333333333333,0.25,0.2,0.4
81,B1-SCSA_PLUS_V3,1.0,0.9467813051146384,0.9842184869190973,1.0,1.0,1.0,1.0,1.0,0.9
1,CS-STATE_ART,1.0,0.6518707482993197,0.8317144247565924,1.0,0.5,0.3333333333333333,0.5,0.4,0.7
2,CS-STATE_ART,0.3333333333333333,0.4355555555555556,0.6217331638029128,0.0,0.0,0.3333333333333333,0.25,0.4,0.5
3,CS-STATE_ART,0.3333333333333333,0.3333333333333333,0.5249810332008933,0.0,0.0,0.3333333333333333,0.25,0.2,0.2
4,CS-STATE_ART,0.25,0.43,0.6031171482531633,0.0,0.0,0.0,0.25,0.4,0.5
5,CS-STATE_ART,0.5,0.604251700680272,0.7493211223323233,0.0,0.5,0.6666666666666666,0.5,0.4,0.7
6,CS-STATE_ART,1.0,0.7746031746031746,0.910334901729952,1.0,1.0,0.6666666666666666,0.5,0.6,0.6
7,CS-STATE_ART,1.0,0.6079365079365079,0.8219303906225648,1.0,0.5,0.6666666666666666,0.5,0.4,0.5
8,CS-STATE_ART,1.0,1.0,1.0,1.0,1.0,1.0,1.0,1.0,0.8
9,CS-STATE_ART,0.25,0.5021825396825397,0.6425958210520416,0.0,0.0,0.0,0.25,0.4,0.6
10,CS-STATE_ART,1.0,1.0,1.0,1.0,1.0,1.0,1.0,1.0,1.0
11,CS-STATE_ART,0.25,0.5304421768707482,0.6631747728725313,0.0,0.0,0.0,0.25,0.4,0.7
12,CS-STATE_ART,1.0,0.9111111111111111,0.9708923176105698,1.0,1.0,1.0,1.0,0.8,0.5
13,CS-STATE_ART,0.3333333333333333,0.512063492063492,0.66200432687264,0.0,0.0,0.3333333333333333,0.5,0.6,0.5
15,CS-STATE_ART,0.3333333333333333,0.30634920634920637,0.5267175784514114,0.0,0.0,0.3333333333333333,0.25,0.2,0.3
16,CS-STATE_ART,1.0,1.0,1.0,1.0,1.0,0.6666666666666666,0.5,0.4,0.2
17,CS-STATE_ART,1.0,1.0,1.0,1.0,1.0,1.0,1.0,1.0,1.0
18,CS-STATE_ART,0.125,0.1625,0.3706656904013186,0.0,0.0,0.0,0.0,0.0,0.2
19,CS-STATE_ART,0.1111111111111111,0.1111111111111111,0.3010299956639812,0.0,0.0,0.0,0.0,0.0,0.1
20,CS-STATE_ART,0.3333333333333333,0.3876984126984127,0.5897633177162125,0.0,0.0,0.3333333333333333,0.25,0.2,0.5
21,CS-STATE_ART,0.5,0.6188492063492064,0.7563454571958586,0.0,0.5,0.6666666666666666,0.75,0.6,0.6
22,CS-STATE_ART,0.5,0.6441043083900226,0.7571453504280033,0.0,0.5,0.3333333333333333,0.5,0.6,0.7
23,CS-STATE_ART,1.0,1.0,1.0,1.0,1.0,1.0,1.0,1.0,1.0
24,CS-STATE_ART,0.5,0.7856701940035273,0.8328978515038054,0.0,0.5,0.6666666666666666,0.75,0.8,0.9
25,CS-STATE_ART,1.0,1.0,1.0,1.0,1.0,1.0,1.0,1.0,1.0
26,CS-STATE_ART,0.3333333333333333,0.49338624338624343,0.6555845429030186,0.0,0.0,0.3333333333333333,0.25,0.4,0.6
27,CS-STATE_ART,0.3333333333333333,0.5059523809523809,0.6565062893041445,0.0,0.0,0.3333333333333333,0.5,0.4,0.5
28,CS-STATE_ART,0.5,0.5438492063492063,0.7031929213206056,0.0,0.5,0.3333333333333333,0.25,0.4,0.6
29,CS-STATE_ART,0.2,0.28690476190476194,0.4860089900278707,0.0,0.0,0.0,0.0,0.2,0.3
30,CS-STATE_ART,0.5,0.6968253968253969,0.7859363362324141,0.0,0.5,0.6666666666666666,0.75,0.8,0.6
31,CS-STATE_ART,0.3333333333333333,0.34722222222222215,0.5498407734605131,0.0,0.0,0.3333333333333333,0.25,0.2,0.3
32,CS-STATE_ART,1.0,0.9666666666666666,0.9896062251871525,1.0,1.0,1.0,1.0,0.8,0.5
33,CS-STATE_ART,0.2,0.2888888888888889,0.4899692203633839,0.0,0.0,0.0,0.0,0.2,0.3
34,CS-STATE_ART,0.25,0.25740740740740736,0.4790262927928244,0.0,0.0,0.0,0.25,0.2,0.3
35,CS-STATE_ART,0.0,0.0,0.0,0.0,0.0,0.0,0.0,0.0,0.0
36,CS-STATE_ART,0.5,0.7856701940035273,0.8328978515038054,0.0,0.5,0.6666666666666666,0.75,0.8,0.9
37,CS-STATE_ART,0.25,0.29166666666666663,0.48247555939075504,0.0,0.0,0.0,0.25,0.2,0.2
38,CS-STATE_ART,1.0,1.0,1.0,1.0,1.0,1.0,1.0,1.0,1.0
39,CS-STATE_ART,1.0,1.0,1.0,1.0,1.0,1.0,1.0,1.0,0.9
40,CS-STATE_ART,1.0,0.5888888888888889,0.8061765387700855,1.0,0.5,0.3333333333333333,0.5,0.4,0.5
41,CS-STATE_ART,0.125,0.2157407407407407,0.42495990177520937,0.0,0.0,0.0,0.0,0.0,0.3
42,CS-STATE_ART,0.5,0.6861904761904762,0.7738931964842559,0.0,0.5,0.6666666666666666,0.75,0.8,0.5
43,CS-STATE_ART,0.0,0.0,0.0,0.0,0.0,0.0,0.0,0.0,0.0
44,CS-STATE_ART,0.2,0.32628968253968255,0.5218136006852979,0.0,0.0,0.0,0.0,0.2,0.4
45,CS-STATE_ART,1.0,0.9467813051146384,0.9842184869190973,1.0,1.0,1.0,1.0,1.0,0.9
46,CS-STATE_ART,1.0,0.6104166666666666,0.8215664107074527,1.0,0.5,0.6666666666666666,0.5,0.4,0.4
47,CS-STATE_ART,1.0,0.8782627865961198,0.9504206262110481,1.0,1.0,0.6666666666666666,0.75,0.8,0.9
48,CS-STATE_ART,1.0,1.0,1.0,1.0,1.0,1.0,1.0,1.0,1.0
49,CS-STATE_ART,1.0,0.8338789682539682,0.9165542635924872,1.0,0.5,0.6666666666666666,0.75,0.8,0.8
50,CS-STATE_ART,1.0,0.8555555555555555,0.9441592263400607,1.0,1.0,0.6666666666666666,0.75,0.8,0.6
51,CS-STATE_ART,1.0,0.7847222222222222,0.9181890364255552,1.0,1.0,0.6666666666666666,0.75,0.6,0.6
53,CS-STATE_ART,0.0,0.0,0.0,0.0,0.0,0.0,0.0,0.0,0.0
54,CS-STATE_ART,0.2,0.273015873015873,0.4792350074047671,0.0,0.0,0.0,0.0,0.2,0.3
55,CS-STATE_ART,1.0,1.0,1.0,1.0,1.0,1.0,1.0,1.0,1.0
57,CS-STATE_ART,0.25,0.3673611111111111,0.5598144536257148,0.0,0.0,0.0,0.25,0.4,0.4
58,CS-STATE_ART,0.5,0.7481150793650794,0.8165229378311881,0.0,0.5,0.6666666666666666,0.75,0.8,0.8
60,CS-STATE_ART,1.0,1.0,1.0,1.0,1.0,1.0,1.0,1.0,1.0
61,CS-STATE_ART,0.3333333333333333,0.41666666666666663,0.5706417189553201,0.0,0.0,0.3333333333333333,0.5,0.4,0.2
62,CS-STATE_ART,0.25,0.3833333333333333,0.5508095940041026,0.0,0.0,0.0,0.25,0.4,0.3
63,CS-STATE_ART,0.25,0.25,0.43067655807339306,0.0,0.0,0.0,0.25,0.2,0.1
66,CS-STATE_ART,0.5,0.6496031746031746,0.7634017248465544,0.0,0.5,0.6666666666666666,0.5,0.6,0.6
68,CS-STATE_ART,1.0,0.8802579365079365,0.9613085758737654,1.0,1.0,1.0,1.0,0.8,0.8
70,CS-STATE_ART,1.0,1.0,1.0,1.0,1.0,1.0,1.0,1.0,1.0
71,CS-STATE_ART,1.0,0.6333333333333333,0.8179809735263114,1.0,0.5,0.3333333333333333,0.25,0.4,0.3
72,CS-STATE_ART,1.0,0.8583333333333332,0.9505310077117098,1.0,1.0,1.0,0.75,0.6,0.5
73,CS-STATE_ART,1.0,0.625925925925926,0.8240133229614811,1.0,0.5,0.3333333333333333,0.5,0.6,0.6
74,CS-STATE_ART,0.5,0.5,0.6309297535714575,0.0,0.5,0.3333333333333333,0.25,0.2,0.1
76,CS-STATE_ART,0.0,0.0,0.0,0.0,0.0,0.0,0.0,0.0,0.0
77,CS-STATE_ART,0.5,0.38690476190476186,0.6005491084563833,0.0,0.5,0.3333333333333333,0.25,0.2,0.3
78,CS-STATE_ART,0.14285714285714285,0.14285714285714285,0.3333333333333333,0.0,0.0,0.0,0.0,0.0,0.1
79,CS-STATE_ART,0.5,0.3611111111111111,0.5714285040141098,0.0,0.5,0.3333333333333333,0.25,0.2,0.2
81,CS-STATE_ART,1.0,1.0,1.0,1.0,1.0,1.0,1.0,1.0,1.0
1,CS-SCSA_PLUS,1.0,0.7393424036281179,0.8776493998558375,1.0,0.5,0.6666666666666666,0.5,0.6,0.7
2,CS-SCSA_PLUS,0.3333333333333333,0.4323809523809524,0.6188710001056427,0.0,0.0,0.3333333333333333,0.25,0.4,0.5
3,CS-SCSA_PLUS,0.5,0.5833333333333333,0.6934264036172708,0.0,0.5,0.6666666666666666,0.5,0.4,0.2
4,CS-SCSA_PLUS,1.0,0.6253968253968253,0.8211906546966005,1.0,0.5,0.3333333333333333,0.5,0.4,0.5
5,CS-SCSA_PLUS,0.5,0.604251700680272,0.7493211223323233,0.0,0.5,0.6666666666666666,0.5,0.4,0.7
6,CS-SCSA_PLUS,1.0,0.707936507936508,0.867094553178374,1.0,0.5,0.6666666666666666,0.5,0.6,0.6
7,CS-SCSA_PLUS,1.0,0.5546031746031745,0.7835553654980985,1.0,0.5,0.3333333333333333,0.25,0.4,0.5
8,CS-SCSA_PLUS,1.0,1.0,1.0,1.0,1.0,1.0,1.0,1.0,0.8
9,CS-SCSA_PLUS,0.5,0.6607142857142857,0.7722948677529522,0.0,0.5,0.6666666666666666,0.75,0.6,0.6
10,CS-SCSA_PLUS,1.0,1.0,1.0,1.0,1.0,1.0,1.0,1.0,1.0
11,CS-SCSA_PLUS,0.25,0.5304421768707482,0.6631747728725313,0.0,0.0,0.0,0.25,0.4,0.7
12,CS-SCSA_PLUS,1.0,0.9111111111111111,0.9708923176105698,1.0,1.0,1.0,1.0,0.8,0.5
13,CS-SCSA_PLUS,0.5,0.46571428571428564,0.6632771622033622,0.0,0.5,0.3333333333333333,0.25,0.4,0.5
15,CS-SCSA_PLUS,0.5,0.44285714285714284,0.6340499455108034,0.0,0.5,0.3333333333333333,0.25,0.4,0.3
16,CS-SCSA_PLUS,1.0,0.75,0.8772153153380493,1.0,0.5,0.3333333333333333,0.5,0.4,0.2
17,CS-SCSA_PLUS,1.0,1.0,1.0,1.0,1.0,1.0,1.0,1.0,1.0
18,CS-SCSA_PLUS,0.125,0.1736111111111111,0.37800210039683896,0.0,0.0,0.0,0.0,0.0,0.2
19,CS-SCSA_PLUS,0.125,0.125,0.31546487678572877,0.0,0.0,0.0,0.0,0.0,0.1
20,CS-SCSA_PLUS,0.2,0.36103174603174604,0.5513882925917463,0.0,0.0,0.0,0.0,0.2,0.5
21,CS-SCSA_PLUS,0.5,0.6607142857142857,0.7722948677529522,0.0,0.5,0.6666666666666666,0.75,0.6,0.6
22,CS-SCSA_PLUS,1.0,0.9087301587301587,0.9714977244644463,1.0,1.0,1.0,1.0,0.8,0.7
23,CS-SCSA_PLUS,1.0,1.0,1.0,1.0,1.0,1.0,1.0,1.0,1.0
24,CS-SCSA_PLUS,0.5,0.7856701940035273,0.8328978515038054,0.0,0.5,0.6666666666666666,0.75,0.8,0.9
25,CS-SCSA_PLUS,1.0,1.0,1.0,1.0,1.0,1.0,1.0,1.0,1.0
26,CS-SCSA_PLUS,0.25,0.4794973544973545,0.6346071020639825,0.0,0.0,0.0,0.25,0.4,0.6
27,CS-SCSA_PLUS,0.3333333333333333,0.44666666666666666,0.6266289010472648,0.0,0.0,0.3333333333333333,0.25,0.4,0.5
28,CS-SCSA_PLUS,0.3333333333333333,0.5160714285714285,0.6635732618910778,0.0,0.0,0.3333333333333333,0.25,0.4,0.6
29,CS-SCSA_PLUS,0.16666666666666666,0.2507936507936508,0.4592386704062355,0.0,0.0,0.0,0.0,0.0,0.3
30,CS-SCSA_PLUS,1.0,0.7688492063492064,0.9112673530673154,1.0,1.0,0.6666666666666666,0.75,0.6,0.6
31,CS-SCSA_PLUS,0.5,0.425,0.6256646589861505,0.0,0.5,0.3333333333333333,0.25,0.4,0.3
32,CS-SCSA_PLUS,1.0,0.86,0.9519709359886506,1.0,1.0,1.0,0.75,0.8,0.5
33,CS-SCSA_PLUS,0.16666666666666666,0.27579365079365076,0.4716276524567204,0.0,0.0,0.0,0.0,0.0,0.3
34,CS-SCSA_PLUS,0.2,0.2619047619047619,0.4736200079773859,0.0,0.0,0.0,0.0,0.2,0.3
35,CS-SCSA_PLUS,0.0,0.0,0.0,0.0,0.0,0.0,0.0,0.0,0.0
36,CS-SCSA_PLUS,1.0,0.8412257495590829,0.9196461703481416,1.0,0.5,0.6666666666666666,0.75,0.8,0.9
37,CS-SCSA_PLUS,0.16666666666666666,0.20833333333333331,0.41183384043543503,0.0,0.0,0.0,0.0,0.0,0.2
38,CS-SCSA_PLUS,1.0,1.0,1.0,1.0,1.0,1.0,1.0,1.0,1.0
39,CS-SCSA_PLUS,1.0,1.0,1.0,1.0,1.0,1.0,1.0,1.0,0.9
40,CS-SCSA_PLUS,1.0,0.6079365079365079,0.8219303906225648,1.0,0.5,0.6666666666666666,0.5,0.4,0.5
41,CS-SCSA_PLUS,0.16666666666666666,0.22619047619047616,0.4227898344066503,0.0,0.0,0.0,0.0,0.0,0.2
42,CS-SCSA_PLUS,0.5,0.6544444444444444,0.7629371898492955,0.0,0.5,0.6666666666666666,0.75,0.8,0.5
43,CS-SCSA_PLUS,0.0,0.0,0.0,0.0,0.0,0.0,0.0,0.0,0.0
44,CS-SCSA_PLUS,0.25,0.3506944444444444,0.5478510149086853,0.0,0.0,0.0,0.25,0.2,0.4
45,CS-SCSA_PLUS,1.0,0.9282627865961199,0.9770153702993118,1.0,1.0,1.0,1.0,0.8,0.9
46,CS-SCSA_PLUS,1.0,0.6,0.8159313210935148,1.0,0.5,0.6666666666666666,0.5,0.4,0.4
47,CS-SCSA_PLUS,1.0,0.8412257495590829,0.9196461703481416,1.0,0.5,0.6666666666666666,0.75,0.8,0.9
48,CS-SCSA_PLUS,1.0,1.0,1.0,1.0,1.0,1.0,1.0,1.0,1.0
49,CS-SCSA_PLUS,1.0,0.8956845238095237,0.9641803458261541,1.0,1.0,1.0,0.75,0.8,0.8
50,CS-SCSA_PLUS,1.0,0.9444444444444445,0.983303248698947,1.0,1.0,1.0,1.0,1.0,0.6
51,CS-SCSA_PLUS,0.5,0.6347222222222222,0.7632671405540984,0.0,0.5,0.6666666666666666,0.75,0.6,0.6
53,CS-SCSA_PLUS,0.0,0.0,0.0,0.0,0.0,0.0,0.0,0.0,0.0
54,CS-SCSA_PLUS,0.2,0.2888888888888889,0.4899692203633839,0.0,0.0,0.0,0.0,0.2,0.3
55,CS-SCSA_PLUS,1.0,1.0,1.0,1.0,1.0,1.0,1.0,1.0,1.0
57,CS-SCSA_PLUS,0.2,0.3151785714285714,0.517142637277806,0.0,0.0,0.0,0.0,0.2,0.4
58,CS-SCSA_PLUS,0.5,0.7481150793650794,0.8165229378311881,0.0,0.5,0.6666666666666666,0.75,0.8,0.8
60,CS-SCSA_PLUS,1.0,1.0,1.0,1.0,1.0,1.0,1.0,1.0,1.0
61,CS-SCSA_PLUS,0.25,0.325,0.5012658353418871,0.0,0.0,0.0,0.25,0.4,0.2
62,CS-SCSA_PLUS,0.16666666666666666,0.26190476190476186,0.4648536698336167,0.0,0.0,0.0,0.0,0.0,0.3
63,CS-SCSA_PLUS,1.0,0.5074074074074074,0.7461976723150332,1.0,0.5,0.3333333333333333,0.25,0.2,0.3
66,CS-SCSA_PLUS,0.5,0.6188492063492064,0.7563454571958586,0.0,0.5,0.6666666666666666,0.75,0.6,0.6
68,CS-SCSA_PLUS,1.0,0.8401360544217688,0.9459073824327568,1.0,1.0,1.0,0.75,0.8,0.7
70,CS-SCSA_PLUS,1.0,1.0,1.0,1.0,1.0,1.0,1.0,1.0,1.0
71,CS-SCSA_PLUS,1.0,0.6805555555555555,0.8519590445170673,1.0,0.5,0.6666666666666666,0.5,0.4,0.3
72,CS-SCSA_PLUS,0.5,0.6595238095238095,0.7634994216714083,0.0,0.5,0.6666666666666666,0.75,0.6,0.5
73,CS-SCSA_PLUS,0.25,0.4910714285714286,0.6389751319299918,0.0,0.0,0.0,0.25,0.4,0.6
74,CS-SCSA_PLUS,0.5,0.5,0.6309297535714575,0.0,0.5,0.3333333333333333,0.25,0.2,0.1
76,CS-SCSA_PLUS,0.0,0.0,0.0,0.0,0.0,0.0,0.0,0.0,0.0
77,CS-SCSA_PLUS,0.5,0.4761904761904762,0.6546154994739983,0.0,0.5,0.3333333333333333,0.5,0.4,0.3
78,CS-SCSA_PLUS,0.16666666666666666,0.16666666666666666,0.3562071871080222,0.0,0.0,0.0,0.0,0.0,0.1
79,CS-SCSA_PLUS,0.14285714285714285,0.18253968253968253,0.3889580943680543,0.0,0.0,0.0,0.0,0.0,0.2
81,CS-SCSA_PLUS,1.0,1.0,1.0,1.0,1.0,1.0,1.0,1.0,1.0
1,CS-SCSA_PLUS_V3,1.0,0.7440476190476192,0.8859509025892361,1.0,0.5,0.6666666666666666,0.75,0.8,0.7
2,CS-SCSA_PLUS_V3,0.25,0.37103174603174605,0.566251564922111,0.0,0.0,0.0,0.25,0.2,0.5
3,CS-SCSA_PLUS_V3,0.14285714285714285,0.19642857142857142,0.39780880120575696,0.0,0.0,0.0,0.0,0.0,0.2
4,CS-SCSA_PLUS_V3,1.0,0.7644444444444444,0.9072602453428914,1.0,1.0,0.6666666666666666,0.5,0.6,0.5
5,CS-SCSA_PLUS_V3,1.0,0.7607709750566893,0.8896955117809704,1.0,0.5,0.6666666666666666,0.75,0.6,0.7
6,CS-SCSA_PLUS_V3,0.5,0.6458333333333333,0.7668878296761483,0.0,0.5,0.6666666666666666,0.75,0.6,0.6
7,CS-SCSA_PLUS_V3,1.0,0.5857142857142857,0.8033143750728156,1.0,0.5,0.3333333333333333,0.5,0.4,0.5
8,CS-SCSA_PLUS_V3,1.0,0.975,0.9933222998814617,1.0,1.0,1.0,1.0,1.0,0.8
9,CS-SCSA_PLUS_V3,1.0,0.8634920634920635,0.9538469539548478,1.0,1.0,1.0,0.75,0.8,0.6
10,CS-SCSA_PLUS_V3,1.0,1.0,1.0,1.0,1.0,1.0,1.0,1.0,1.0
11,CS-SCSA_PLUS_V3,0.25,0.5304421768707482,0.6631747728725313,0.0,0.0,0.0,0.25,0.4,0.7
12,CS-SCSA_PLUS_V3,1.0,0.8528571428571429,0.943473299121064,1.0,1.0,0.6666666666666666,0.75,0.8,0.5
13,CS-SCSA_PLUS_V3,0.3333333333333333,0.46349206349206346,0.637792381727562,0.0,0.0,0.3333333333333333,0.5,0.4,0.5
15,CS-SCSA_PLUS_V3,0.5,0.35000000000000003,0.5797748398812457,0.0,0.5,0.3333333333333333,0.25,0.2,0.3
16,CS-SCSA_PLUS_V3,0.25,0.325,0.5012658353418871,0.0,0.0,0.0,0.25,0.4,0.2
17,CS-SCSA_PLUS_V3,1.0,1.0,1.0,1.0,1.0,1.0,1.0,1.0,1.0
18,CS-SCSA_PLUS_V3,0.5,0.5833333333333333,0.6934264036172708,0.0,0.5,0.6666666666666666,0.5,0.4,0.2
19,CS-SCSA_PLUS_V3,0.25,0.25,0.43067655807339306,0.0,0.0,0.0,0.25,0.2,0.1
20,CS-SCSA_PLUS_V3,0.3333333333333333,0.525952380952381,0.6669000641169921,0.0,0.0,0.3333333333333333,0.5,0.6,0.5
21,CS-SCSA_PLUS_V3,1.0,0.6801587301587301,0.8461171123393378,1.0,0.5,0.3333333333333333,0.5,0.6,0.6
22,CS-SCSA_PLUS_V3,1.0,0.8631519274376417,0.9531641314941091,1.0,1.0,1.0,0.75,0.8,0.7
23,CS-SCSA_PLUS_V3,1.0,1.0,1.0,1.0,1.0,1.0,1.0,1.0,1.0
24,CS-SCSA_PLUS_V3,1.0,0.8412257495590829,0.9196461703481416,1.0,0.5,0.6666666666666666,0.75,0.8,0.9
25,CS-SCSA_PLUS_V3,1.0,1.0,1.0,1.0,1.0,1.0,1.0,1.0,1.0
26,CS-SCSA_PLUS_V3,0.5,0.6079365079365079,0.738056254141509,0.0,0.5,0.3333333333333333,0.5,0.6,0.6
27,CS-SCSA_PLUS_V3,0.3333333333333333,0.4523809523809524,0.6337342724360074,0.0,0.0,0.3333333333333333,0.5,0.4,0.5
28,CS-SCSA_PLUS_V3,0.25,0.4675925925925926,0.6292000639871788,0.0,0.0,0.0,0.25,0.4,0.6
29,CS-SCSA_PLUS_V3,0.5,0.425,0.6256646589861505,0.0,0.5,0.3333333333333333,0.25,0.4,0.3
30,CS-SCSA_PLUS_V3,0.5,0.5771825396825397,0.7338108458099989,0.0,0.5,0.6666666666666666,0.5,0.4,0.6
31,CS-SCSA_PLUS_V3,0.5,0.34074074074074073,0.5730008572581421,0.0,0.5,0.3333333333333333,0.25,0.2,0.3
32,CS-SCSA_PLUS_V3,0.2,0.3705555555555556,0.5591461935333684,0.0,0.0,0.0,0.0,0.2,0.5
33,CS-SCSA_PLUS_V3,0.2,0.2888888888888889,0.4899692203633839,0.0,0.0,0.0,0.0,0.2,0.3
34,CS-SCSA_PLUS_V3,0.5,0.38690476190476186,0.6005491084563833,0.0,0.5,0.3333333333333333,0.25,0.2,0.3
35,CS-SCSA_PLUS_V3,0.0,0.0,0.0,0.0,0.0,0.0,0.0,0.0,0.0
36,CS-SCSA_PLUS_V3,1.0,0.7656746031746031,0.8918195074012366,1.0,0.5,0.6666666666666666,0.75,0.6,0.8
37,CS-SCSA_PLUS_V3,1.0,0.7,0.8503449055347546,1.0,0.5,0.3333333333333333,0.25,0.4,0.2
38,CS-SCSA_PLUS_V3,1.0,1.0,1.0,1.0,1.0,1.0,1.0,1.0,1.0
39,CS-SCSA_PLUS_V3,1.0,0.9888888888888889,0.9971876401972101,1.0,1.0,1.0,1.0,1.0,0.9
40,CS-SCSA_PLUS_V3,0.5,0.52,0.6962921102881966,0.0,0.5,0.3333333333333333,0.5,0.6,0.5
41,CS-SCSA_PLUS_V3,0.1111111111111111,0.1111111111111111,0.3010299956639812,0.0,0.0,0.0,0.0,0.0,0.1
42,CS-SCSA_PLUS_V3,1.0,0.7611111111111111,0.9083053473410256,1.0,1.0,0.6666666666666666,0.75,0.6,0.5
43,CS-SCSA_PLUS_V3,0.0,0.0,0.0,0.0,0.0,0.0,0.0,0.0,0.0
44,CS-SCSA_PLUS_V3,0.5,0.48214285714285715,0.667707802712913,0.0,0.5,0.3333333333333333,0.5,0.4,0.4
45,CS-SCSA_PLUS_V3,1.0,0.9765432098765433,0.9937947856332161,1.0,1.0,1.0,1.0,1.0,0.9
46,CS-SCSA_PLUS_V3,1.0,0.5821428571428572,0.801479410942855,1.0,0.5,0.3333333333333333,0.5,0.4,0.4
47,CS-SCSA_PLUS_V3,0.5,0.7856701940035273,0.8328978515038054,0.0,0.5,0.6666666666666666,0.75,0.8,0.9
48,CS-SCSA_PLUS_V3,1.0,1.0,1.0,1.0,1.0,1.0,1.0,1.0,1.0
49,CS-SCSA_PLUS_V3,1.0,0.9067956349206348,0.9672068480996276,1.0,1.0,1.0,0.75,0.8,0.8
50,CS-SCSA_PLUS_V3,1.0,0.7746031746031746,0.910334901729952,1.0,1.0,0.6666666666666666,0.5,0.6,0.6
51,CS-SCSA_PLUS_V3,1.0,0.8523809523809524,0.9502262648327979,1.0,1.0,1.0,0.75,0.8,0.6
53,CS-SCSA_PLUS_V3,0.0,0.0,0.0,0.0,0.0,0.0,0.0,0.0,0.0
54,CS-SCSA_PLUS_V3,0.5,0.4583333333333333,0.6462302129493456,0.0,0.5,0.3333333333333333,0.5,0.4,0.3
55,CS-SCSA_PLUS_V3,1.0,1.0,1.0,1.0,1.0,1.0,1.0,1.0,1.0
57,CS-SCSA_PLUS_V3,1.0,0.6916666666666667,0.8485833840018,1.0,0.5,0.3333333333333333,0.5,0.6,0.4
58,CS-SCSA_PLUS_V3,1.0,0.822767857142857,0.9135277613190135,1.0,0.5,0.6666666666666666,0.75,0.8,0.8
60,CS-SCSA_PLUS_V3,1.0,1.0,1.0,1.0,1.0,1.0,1.0,1.0,1.0
61,CS-SCSA_PLUS_V3,0.25,0.25,0.45749452618986164,0.0,0.0,0.0,0.25,0.2,0.2
62,CS-SCSA_PLUS_V3,0.3333333333333333,0.33134920634920634,0.5391065605018962,0.0,0.0,0.3333333333333333,0.25,0.2,0.3
63,CS-SCSA_PLUS_V3,0.5,0.4548611111111111,0.6550972241386397,0.0,0.5,0.3333333333333333,0.5,0.4,0.4
66,CS-SCSA_PLUS_V3,0.5,0.6453703703703704,0.7681725493015418,0.0,0.5,0.6666666666666666,0.75,0.8,0.6
68,CS-SCSA_PLUS_V3,1.0,0.9,0.9668342083190152,1.0,1.0,1.0,1.0,0.8,0.5
70,CS-SCSA_PLUS_V3,1.0,1.0,1.0,1.0,1.0,1.0,1.0,1.0,1.0
71,CS-SCSA_PLUS_V3,0.3333333333333333,0.38888888888888884,0.5780136823717549,0.0,0.0,0.3333333333333333,0.5,0.4,0.3
72,CS-SCSA_PLUS_V3,0.5,0.5053968253968254,0.6811534418271471,0.0,0.5,0.3333333333333333,0.25,0.4,0.5
73,CS-SCSA_PLUS_V3,0.5,0.6188492063492064,0.7563454571958586,0.0,0.5,0.6666666666666666,0.75,0.6,0.6
74,CS-SCSA_PLUS_V3,0.3333333333333333,0.3333333333333333,0.5,0.0,0.0,0.3333333333333333,0.25,0.2,0.1
76,CS-SCSA_PLUS_V3,0.0,0.0,0.0,0.0,0.0,0.0,0.0,0.0,0.0
77,CS-SCSA_PLUS_V3,0.5,0.38690476190476186,0.6005491084563833,0.0,0.5,0.3333333333333333,0.25,0.2,0.3
78,CS-SCSA_PLUS_V3,0.3333333333333333,0.3333333333333333,0.5,0.0,0.0,0.3333333333333333,0.25,0.2,0.1
79,CS-SCSA_PLUS_V3,0.5,0.45,0.6240505200038379,0.0,0.5,0.3333333333333333,0.25,0.4,0.2
81,CS-SCSA_PLUS_V3,1.0,1.0,1.0,1.0,1.0,1.0,1.0,1.0,1.0
1,SC-STATE_ART,0.3333333333333333,0.47777777777777775,0.6455502826691841,0.0,0.0,0.3333333333333333,0.5,0.4,0.5
2,SC-STATE_ART,0.14285714285714285,0.19642857142857142,0.39780880120575696,0.0,0.0,0.0,0.0,0.0,0.2
3,SC-STATE_ART,0.3333333333333333,0.40277777777777773,0.5847876649948583,0.0,0.0,0.3333333333333333,0.5,0.4,0.3
4,SC-STATE_ART,0.5,0.7142857142857144,0.7996691307078327,0.0,0.5,0.6666666666666666,0.75,0.8,0.7
5,SC-STATE_ART,0.5,0.6185374149659862,0.7577448780125855,0.0,0.5,0.6666666666666666,0.5,0.6,0.7
6,SC-STATE_ART,1.0,0.666156462585034,0.8401381804368545,1.0,0.5,0.3333333333333333,0.5,0.6,0.7
7,SC-STATE_ART,1.0,0.7375850340136055,0.8951830444697312,1.0,1.0,0.6666666666666666,0.5,0.6,0.7
8,SC-STATE_ART,1.0,1.0,1.0,1.0,1.0,1.0,1.0,1.0,1.0
9,SC-STATE_ART,0.25,0.38075396825396823,0.5667899425860504,0.0,0.0,0.0,0.25,0.4,0.4
10,SC-STATE_ART,1.0,0.9704861111111112,0.9918291064614978,1.0,1.0,1.0,1.0,1.0,0.8
11,SC-STATE_ART,1.0,0.8644345238095237,0.9466454870600813,1.0,1.0,0.6666666666666666,0.75,0.8,0.8
12,SC-STATE_ART,1.0,0.7132936507936508,0.8716476936377874,1.0,0.5,0.6666666666666666,0.75,0.6,0.6
13,SC-STATE_ART,0.5,0.5888888888888889,0.7122630665145961,0.0,0.5,0.6666666666666666,0.5,0.6,0.3
15,SC-STATE_ART,0.25,0.3986111111111111,0.5757194387661255,0.0,0.0,0.0,0.25,0.4,0.4
16,SC-STATE_ART,1.0,0.8666666666666667,0.9469024295259745,1.0,1.0,0.6666666666666666,0.5,0.6,0.3
17,SC-STATE_ART,0.14285714285714285,0.14285714285714285,0.3333333333333333,0.0,0.0,0.0,0.0,0.0,0.1
18,SC-STATE_ART,0.0,0.0,0.0,0.0,0.0,0.0,0.0,0.0,0.0
19,SC-STATE_ART,1.0,0.8782627865961198,0.9504206262110481,1.0,1.0,0.6666666666666666,0.75,0.8,0.9
20,SC-STATE_ART,0.5,0.3611111111111111,0.5714285040141098,0.0,0.5,0.3333333333333333,0.25,0.2,0.2
21,SC-STATE_ART,1.0,0.5412698412698413,0.773161590685251,1.0,0.5,0.3333333333333333,0.25,0.2,0.5
22,SC-STATE_ART,0.5,0.5722222222222222,0.7297713981683107,0.0,0.5,0.6666666666666666,0.75,0.6,0.5
23,SC-STATE_ART,0.1,0.1,0.2890648263178879,0.0,0.0,0.0,0.0,0.0,0.1
24,SC-STATE_ART,1.0,0.6899659863945579,0.8591935539386371,1.0,0.5,0.6666666666666666,0.5,0.6,0.7
25,SC-STATE_ART,1.0,0.959375,0.9888026041880242,1.0,1.0,1.0,1.0,1.0,0.8
26,SC-STATE_ART,1.0,0.7155328798185941,0.8585940263540549,1.0,0.5,0.3333333333333333,0.5,0.6,0.7
27,SC-STATE_ART,1.0,1.0,1.0,1.0,1.0,1.0,1.0,1.0,0.9
28,SC-STATE_ART,0.14285714285714285,0.14285714285714285,0.3333333333333333,0.0,0.0,0.0,0.0,0.0,0.1
29,SC-STATE_ART,1.0,0.751388888888889,0.8878428156094798,1.0,0.5,0.6666666666666666,0.75,0.8,0.6
30,SC-STATE_ART,0.5,0.5703703703703703,0.7333092164806385,0.0,0.5,0.6666666666666666,0.5,0.6,0.6
31,SC-STATE_ART,1.0,0.65,0.8326783988613894,1.0,0.5,0.3333333333333333,0.5,0.6,0.4
32,SC-STATE_ART,0.0,0.0,0.0,0.0,0.0,0.0,0.0,0.0,0.0
33,SC-STATE_ART,1.0,0.855952380952381,0.9530418785472458,1.0,1.0,1.0,1.0,0.8,0.7
34,SC-STATE_ART,1.0,0.6111111111111112,0.7977228895450266,1.0,0.5,0.3333333333333333,0.25,0.2,0.2
35,SC-STATE_ART,1.0,1.0,1.0,1.0,0.5,0.3333333333333333,0.25,0.2,0.1
36,SC-STATE_ART,1.0,1.0,1.0,1.0,1.0,1.0,1.0,1.0,1.0
37,SC-STATE_ART,1.0,1.0,1.0,1.0,1.0,1.0,1.0,1.0,0.6
38,SC-STATE_ART,0.5,0.7856701940035273,0.8328978515038054,0.0,0.5,0.6666666666666666,0.75,0.8,0.9
39,SC-STATE_ART,0.3333333333333333,0.6427579365079364,0.7367283992687399,0.0,0.0,0.3333333333333333,0.5,0.6,0.8
40,SC-STATE_ART,0.5,0.6544444444444444,0.7629371898492955,0.0,0.5,0.6666666666666666,0.75,0.8,0.5
41,SC-STATE_ART,1.0,0.5166666666666667,0.7529716549381369,1.0,0.5,0.3333333333333333,0.25,0.2,0.3
42,SC-STATE_ART,1.0,0.7928571428571429,0.9178287402913377,1.0,1.0,0.6666666666666666,0.5,0.6,0.4
43,SC-STATE_ART,1.0,1.0,1.0,1.0,1.0,1.0,1.0,1.0,1.0
44,SC-STATE_ART,1.0,1.0,1.0,1.0,1.0,1.0,1.0,1.0,1.0
45,SC-STATE_ART,1.0,0.9060405643738976,0.9667147927059906,1.0,1.0,1.0,0.75,0.8,0.9
46,SC-STATE_ART,1.0,0.9282627865961199,0.9770153702993118,1.0,1.0,1.0,1.0,0.8,0.9
47,SC-STATE_ART,1.0,0.9467813051146384,0.9842184869190973,1.0,1.0,1.0,1.0,1.0,0.9
48,SC-STATE_ART,1.0,1.0,1.0,1.0,1.0,1.0,1.0,1.0,1.0
49,SC-STATE_ART,0.25,0.44457671957671957,0.6130049420154863,0.0,0.0,0.0,0.25,0.2,0.6
50,SC-STATE_ART,1.0,1.0,1.0,1.0,1.0,1.0,1.0,1.0,1.0
51,SC-STATE_ART,1.0,0.6592857142857144,0.8364801667538002,1.0,0.5,0.3333333333333333,0.5,0.6,0.5
53,SC-STATE_ART,0.1111111111111111,0.15555555555555556,0.36181498356361597,0.0,0.0,0.0,0.0,0.0,0.2
54,SC-STATE_ART,1.0,0.6916666666666667,0.8597408875863228,1.0,0.5,0.6666666666666666,0.5,0.6,0.4
55,SC-STATE_ART,1.0,1.0,1.0,1.0,1.0,1.0,1.0,1.0,1.0
57,SC-STATE_ART,1.0,1.0,1.0,1.0,1.0,1.0,1.0,1.0,1.0
58,SC-STATE_ART,1.0,1.0,1.0,1.0,1.0,1.0,1.0,1.0,1.0
59,SC-STATE_ART,1.0,1.0,1.0,1.0,1.0,1.0,1.0,1.0,1.0
60,SC-STATE_ART,1.0,1.0,1.0,1.0,1.0,1.0,1.0,1.0,1.0
61,SC-STATE_ART,1.0,0.9282627865961199,0.9770153702993118,1.0,1.0,1.0,1.0,0.8,0.9
62,SC-STATE_ART,0.1111111111111111,0.1111111111111111,0.3010299956639812,0.0,0.0,0.0,0.0,0.0,0.1
63,SC-STATE_ART,1.0,1.0,1.0,1.0,1.0,1.0,1.0,1.0,1.0
66,SC-STATE_ART,1.0,0.9626543209876544,0.9895948844467957,1.0,1.0,1.0,1.0,1.0,0.9
67,SC-STATE_ART,1.0,0.9428571428571428,0.9818483242455303,1.0,1.0,1.0,1.0,0.8,0.5
68,SC-STATE_ART,1.0,0.8701388888888888,0.9560094522876519,1.0,1.0,1.0,0.75,0.8,0.8
70,SC-STATE_ART,1.0,1.0,1.0,1.0,1.0,1.0,1.0,1.0,0.6
71,SC-STATE_ART,1.0,1.0,1.0,1.0,1.0,1.0,1.0,1.0,1.0
72,SC-STATE_ART,1.0,0.9282627865961199,0.9770153702993118,1.0,1.0,1.0,1.0,0.8,0.9
73,SC-STATE_ART,0.25,0.33958333333333335,0.5431800515011934,0.0,0.0,0.0,0.25,0.2,0.4
74,SC-STATE_ART,0.25,0.33958333333333335,0.5431800515011934,0.0,0.0,0.0,0.25,0.2,0.4
76,SC-STATE_ART,1.0,1.0,1.0,1.0,1.0,1.0,1.0,1.0,1.0
77,SC-STATE_ART,1.0,1.0,1.0,1.0,1.0,1.0,1.0,1.0,1.0
78,SC-STATE_ART,0.0,0.0,0.0,0.0,0.0,0.0,0.0,0.0,0.0
79,SC-STATE_ART,1.0,0.9626543209876544,0.9895948844467957,1.0,1.0,1.0,1.0,1.0,0.9
81,SC-STATE_ART,1.0,1.0,1.0,1.0,1.0,1.0,1.0,1.0,1.0
1,SC-SCSA_PLUS,0.5,0.48888888888888893,0.6810025982309968,0.0,0.5,0.3333333333333333,0.5,0.4,0.5
2,SC-SCSA_PLUS,0.125,0.1736111111111111,0.37800210039683896,0.0,0.0,0.0,0.0,0.0,0.2
3,SC-SCSA_PLUS,1.0,0.6428571428571429,0.8278123145308894,1.0,0.5,0.3333333333333333,0.5,0.4,0.3
4,SC-SCSA_PLUS,0.5,0.6853741496598641,0.7894138424738288,0.0,0.5,0.6666666666666666,0.75,0.8,0.7
5,SC-SCSA_PLUS,0.25,0.5304421768707482,0.6631747728725313,0.0,0.0,0.0,0.25,0.4,0.7
6,SC-SCSA_PLUS,0.5,0.6321428571428571,0.7640323590577897,0.0,0.5,0.6666666666666666,0.5,0.6,0.7
7,SC-SCSA_PLUS,1.0,0.7232993197278912,0.886759288789469,1.0,1.0,0.6666666666666666,0.5,0.4,0.7
8,SC-SCSA_PLUS,1.0,1.0,1.0,1.0,1.0,1.0,1.0,1.0,1.0
9,SC-SCSA_PLUS,0.3333333333333333,0.4154761904761905,0.5994875209249215,0.0,0.0,0.3333333333333333,0.25,0.4,0.4
10,SC-SCSA_PLUS,1.0,0.9415178571428571,0.9830168297915423,1.0,1.0,1.0,1.0,1.0,0.8
11,SC-SCSA_PLUS,1.0,0.8260204081632653,0.9132861715058802,1.0,0.5,0.6666666666666666,0.75,0.8,0.7
12,SC-SCSA_PLUS,1.0,0.6771825396825396,0.8547658317433305,1.0,0.5,0.6666666666666666,0.5,0.6,0.6
13,SC-SCSA_PLUS,1.0,0.9166666666666666,0.9674679834891693,1.0,1.0,0.6666666666666666,0.75,0.6,0.3
15,SC-SCSA_PLUS,0.3333333333333333,0.38819444444444445,0.5868769423506482,0.0,0.0,0.3333333333333333,0.25,0.4,0.4
16,SC-SCSA_PLUS,1.0,0.7555555555555555,0.8854598815714874,1.0,0.5,0.6666666666666666,0.5,0.6,0.3
17,SC-SCSA_PLUS,0.125,0.125,0.31546487678572877,0.0,0.0,0.0,0.0,0.0,0.1
18,SC-SCSA_PLUS,0.0,0.0,0.0,0.0,0.0,0.0,0.0,0.0,0.0
19,SC-SCSA_PLUS,1.0,0.8412257495590829,0.9196461703481416,1.0,0.5,0.6666666666666666,0.75,0.8,0.9
20,SC-SCSA_PLUS,1.0,0.6,0.7903864795495061,1.0,0.5,0.3333333333333333,0.25,0.2,0.2
21,SC-SCSA_PLUS,0.3333333333333333,0.40793650793650793,0.6035814880484429,0.0,0.0,0.3333333333333333,0.25,0.2,0.5
22,SC-SCSA_PLUS,0.5,0.6226190476190476,0.7496812513391778,0.0,0.5,0.6666666666666666,0.75,0.6,0.5
23,SC-SCSA_PLUS,0.1111111111111111,0.1111111111111111,0.3010299956639812,0.0,0.0,0.0,0.0,0.0,0.1
24,SC-SCSA_PLUS,1.0,0.6899659863945579,0.8591935539386371,1.0,0.5,0.6666666666666666,0.5,0.6,0.7
25,SC-SCSA_PLUS,1.0,0.9293650793650793,0.9793656319464776,1.0,1.0,1.0,1.0,1.0,0.8
26,SC-SCSA_PLUS,1.0,0.7155328798185941,0.8585940263540549,1.0,0.5,0.3333333333333333,0.5,0.6,0.7
27,SC-SCSA_PLUS,1.0,1.0,1.0,1.0,1.0,1.0,1.0,1.0,0.9
28,SC-SCSA_PLUS,0.16666666666666666,0.16666666666666666,0.3562071871080222,0.0,0.0,0.0,0.0,0.0,0.1
29,SC-SCSA_PLUS,0.5,0.7345238095238096,0.7982650576674577,0.0,0.5,0.6666666666666666,0.75,0.8,0.6
30,SC-SCSA_PLUS,0.5,0.5882936507936508,0.7374315349320488,0.0,0.5,0.6666666666666666,0.5,0.4,0.6
31,SC-SCSA_PLUS,1.0,0.75,0.9005471983095722,1.0,1.0,0.6666666666666666,0.5,0.6,0.4
32,SC-SCSA_PLUS,0.0,0.0,0.0,0.0,0.0,0.0,0.0,0.0,0.0
33,SC-SCSA_PLUS,1.0,0.8444444444444443,0.9403962390375307,1.0,1.0,0.6666666666666666,0.75,0.8,0.7
34,SC-SCSA_PLUS,1.0,0.625,0.8065735963827293,1.0,0.5,0.3333333333333333,0.25,0.2,0.2
35,SC-SCSA_PLUS,1.0,1.0,1.0,1.0,0.5,0.3333333333333333,0.25,0.2,0.1
36,SC-SCSA_PLUS,1.0,1.0,1.0,1.0,1.0,1.0,1.0,1.0,1.0
37,SC-SCSA_PLUS,1.0,1.0,1.0,1.0,1.0,1.0,1.0,1.0,0.6
38,SC-SCSA_PLUS,0.5,0.7856701940035273,0.8328978515038054,0.0,0.5,0.6666666666666666,0.75,0.8,0.9
39,SC-SCSA_PLUS,0.5,0.6635912698412698,0.7698461250098078,0.0,0.5,0.3333333333333333,0.5,0.6,0.8
40,SC-SCSA_PLUS,1.0,0.8392857142857142,0.9427731067700877,1.0,1.0,1.0,0.75,0.6,0.5
41,SC-SCSA_PLUS,0.25,0.30833333333333335,0.5216399767468448,0.0,0.0,0.0,0.25,0.2,0.4
42,SC-SCSA_PLUS,1.0,0.8303571428571428,0.9349366583346498,1.0,1.0,0.6666666666666666,0.75,0.6,0.4
43,SC-SCSA_PLUS,1.0,1.0,1.0,1.0,1.0,1.0,1.0,1.0,1.0
44,SC-SCSA_PLUS,1.0,1.0,1.0,1.0,1.0,1.0,1.0,1.0,1.0
45,SC-SCSA_PLUS,1.0,0.9060405643738976,0.9667147927059906,1.0,1.0,1.0,0.75,0.8,0.9
46,SC-SCSA_PLUS,1.0,0.8782627865961198,0.9504206262110481,1.0,1.0,0.6666666666666666,0.75,0.8,0.9
47,SC-SCSA_PLUS,1.0,0.9467813051146384,0.9842184869190973,1.0,1.0,1.0,1.0,1.0,0.9
48,SC-SCSA_PLUS,1.0,1.0,1.0,1.0,1.0,1.0,1.0,1.0,1.0
49,SC-SCSA_PLUS,0.2,0.43624338624338627,0.5997437692430793,0.0,0.0,0.0,0.0,0.2,0.6
50,SC-SCSA_PLUS,1.0,1.0,1.0,1.0,1.0,1.0,1.0,1.0,1.0
51,SC-SCSA_PLUS,1.0,0.6342857142857143,0.8275263202178935,1.0,0.5,0.3333333333333333,0.5,0.6,0.5
53,SC-SCSA_PLUS,0.125,0.1736111111111111,0.37800210039683896,0.0,0.0,0.0,0.0,0.0,0.2
54,SC-SCSA_PLUS,1.0,0.7095238095238094,0.8667163765466583,1.0,0.5,0.6666666666666666,0.5,0.6,0.4
55,SC-SCSA_PLUS,1.0,1.0,1.0,1.0,1.0,1.0,1.0,1.0,1.0
57,SC-SCSA_PLUS,1.0,1.0,1.0,1.0,1.0,1.0,1.0,1.0,1.0
58,SC-SCSA_PLUS,1.0,1.0,1.0,1.0,1.0,1.0,1.0,1.0,1.0
59,SC-SCSA_PLUS,1.0,1.0,1.0,1.0,1.0,1.0,1.0,1.0,1.0
60,SC-SCSA_PLUS,1.0,1.0,1.0,1.0,1.0,1.0,1.0,1.0,1.0
61,SC-SCSA_PLUS,1.0,0.9626543209876544,0.9895948844467957,1.0,1.0,1.0,1.0,1.0,0.9
62,SC-SCSA_PLUS,0.14285714285714285,0.14285714285714285,0.3333333333333333,0.0,0.0,0.0,0.0,0.0,0.1
63,SC-SCSA_PLUS,1.0,1.0,1.0,1.0,1.0,1.0,1.0,1.0,1.0
66,SC-SCSA_PLUS,1.0,0.9888888888888889,0.9971876401972101,1.0,1.0,1.0,1.0,1.0,0.9
67,SC-SCSA_PLUS,1.0,0.925,0.975788054854922,1.0,1.0,1.0,1.0,0.8,0.5
68,SC-SCSA_PLUS,1.0,0.8701388888888888,0.9560094522876519,1.0,1.0,1.0,0.75,0.8,0.8
70,SC-SCSA_PLUS,1.0,0.9761904761904762,0.9930783166417602,1.0,1.0,1.0,1.0,1.0,0.6
71,SC-SCSA_PLUS,1.0,1.0,1.0,1.0,1.0,1.0,1.0,1.0,1.0
72,SC-SCSA_PLUS,1.0,0.9626543209876544,0.9895948844467957,1.0,1.0,1.0,1.0,1.0,0.9
73,SC-SCSA_PLUS,0.25,0.3458333333333333,0.5495084006042852,0.0,0.0,0.0,0.25,0.4,0.4
74,SC-SCSA_PLUS,0.2,0.35158730158730156,0.5377185858257085,0.0,0.0,0.0,0.0,0.2,0.4
76,SC-SCSA_PLUS,1.0,1.0,1.0,1.0,1.0,1.0,1.0,1.0,1.0
77,SC-SCSA_PLUS,1.0,1.0,1.0,1.0,1.0,1.0,1.0,1.0,1.0
78,SC-SCSA_PLUS,0.0,0.0,0.0,0.0,0.0,0.0,0.0,0.0,0.0
79,SC-SCSA_PLUS,1.0,0.9626543209876544,0.9895948844467957,1.0,1.0,1.0,1.0,1.0,0.9
81,SC-SCSA_PLUS,1.0,1.0,1.0,1.0,1.0,1.0,1.0,1.0,1.0
1,SC-SCSA_PLUS_V3,0.25,0.4023809523809524,0.5849654724986935,0.0,0.0,0.0,0.25,0.2,0.5
2,SC-SCSA_PLUS_V3,0.16666666666666666,0.18333333333333335,0.39564672360221187,0.0,0.0,0.0,0.0,0.0,0.2
3,SC-SCSA_PLUS_V3,0.2,0.2611111111111111,0.47084972088011423,0.0,0.0,0.0,0.0,0.2,0.3
4,SC-SCSA_PLUS_V3,0.3333333333333333,0.5845238095238094,0.7089874950249132,0.0,0.0,0.3333333333333333,0.5,0.6,0.7
5,SC-SCSA_PLUS_V3,0.5,0.5661564625850339,0.7182196369054078,0.0,0.5,0.3333333333333333,0.25,0.4,0.7
6,SC-SCSA_PLUS_V3,1.0,0.7113945578231293,0.8712396658637701,1.0,0.5,0.6666666666666666,0.75,0.6,0.7
7,SC-SCSA_PLUS_V3,1.0,0.7035714285714285,0.8654810349838412,1.0,0.5,0.6666666666666666,0.5,0.6,0.7
8,SC-SCSA_PLUS_V3,1.0,1.0,1.0,1.0,1.0,1.0,1.0,1.0,1.0
9,SC-SCSA_PLUS_V3,0.25,0.35624999999999996,0.555143490218223,0.0,0.0,0.0,0.25,0.4,0.4
10,SC-SCSA_PLUS_V3,1.0,0.7885912698412698,0.913852335159709,1.0,1.0,0.6666666666666666,0.5,0.6,0.8
11,SC-SCSA_PLUS_V3,0.5,0.6968253968253969,0.7859363362324141,0.0,0.5,0.6666666666666666,0.75,0.8,0.6
12,SC-SCSA_PLUS_V3,1.0,0.707936507936508,0.867094553178374,1.0,0.5,0.6666666666666666,0.5,0.6,0.6
13,SC-SCSA_PLUS_V3,0.125,0.2157407407407407,0.42495990177520937,0.0,0.0,0.0,0.0,0.0,0.3
15,SC-SCSA_PLUS_V3,1.0,0.8166666666666667,0.9267582364714126,1.0,1.0,0.6666666666666666,0.5,0.6,0.4
16,SC-SCSA_PLUS_V3,0.25,0.3194444444444444,0.5173087569496825,0.0,0.0,0.0,0.25,0.2,0.3
17,SC-SCSA_PLUS_V3,0.1,0.1,0.2890648263178879,0.0,0.0,0.0,0.0,0.0,0.1
18,SC-SCSA_PLUS_V3,0.0,0.0,0.0,0.0,0.0,0.0,0.0,0.0,0.0
19,SC-SCSA_PLUS_V3,1.0,0.9467813051146384,0.9842184869190973,1.0,1.0,1.0,1.0,1.0,0.9
20,SC-SCSA_PLUS_V3,0.3333333333333333,0.3666666666666667,0.5437713091520254,0.0,0.0,0.3333333333333333,0.25,0.4,0.2
21,SC-SCSA_PLUS_V3,1.0,0.8142857142857143,0.933819260234181,1.0,1.0,1.0,0.75,0.6,0.5
22,SC-SCSA_PLUS_V3,1.0,0.6968253968253968,0.8752903992561912,1.0,1.0,0.6666666666666666,0.5,0.4,0.5
23,SC-SCSA_PLUS_V3,0.14285714285714285,0.14285714285714285,0.3333333333333333,0.0,0.0,0.0,0.0,0.0,0.1
24,SC-SCSA_PLUS_V3,1.0,0.725,0.8775271469089743,1.0,0.5,0.6666666666666666,0.75,0.6,0.7
25,SC-SCSA_PLUS_V3,0.3333333333333333,0.6427579365079364,0.7367283992687399,0.0,0.0,0.3333333333333333,0.5,0.6,0.8
26,SC-SCSA_PLUS_V3,1.0,0.7639455782312926,0.9063821413255791,1.0,1.0,0.6666666666666666,0.5,0.6,0.7
27,SC-SCSA_PLUS_V3,1.0,0.9282627865961199,0.9770153702993118,1.0,1.0,1.0,1.0,0.8,0.9
28,SC-SCSA_PLUS_V3,0.14285714285714285,0.14285714285714285,0.3333333333333333,0.0,0.0,0.0,0.0,0.0,0.1
29,SC-SCSA_PLUS_V3,1.0,0.8259259259259258,0.9404511968899847,1.0,1.0,1.0,0.75,0.8,0.6
30,SC-SCSA_PLUS_V3,1.0,0.8069444444444445,0.9274624750390077,1.0,1.0,0.6666666666666666,0.75,0.8,0.6
31,SC-SCSA_PLUS_V3,1.0,0.5571428571428572,0.7843714928995427,1.0,0.5,0.3333333333333333,0.25,0.4,0.4
32,SC-SCSA_PLUS_V3,0.0,0.0,0.0,0.0,0.0,0.0,0.0,0.0,0.0
33,SC-SCSA_PLUS_V3,1.0,0.7044217687074831,0.8553050844815022,1.0,0.5,0.3333333333333333,0.5,0.6,0.7
34,SC-SCSA_PLUS_V3,1.0,0.6666666666666666,0.8315546295836225,1.0,0.5,0.3333333333333333,0.25,0.2,0.2
35,SC-SCSA_PLUS_V3,0.25,0.25,0.43067655807339306,0.0,0.0,0.0,0.25,0.2,0.1
36,SC-SCSA_PLUS_V3,1.0,0.8687074829931973,0.9579534943578898,1.0,1.0,1.0,1.0,0.8,0.7
37,SC-SCSA_PLUS_V3,1.0,0.8773809523809524,0.958214983820857,1.0,1.0,1.0,0.75,0.8,0.6
38,SC-SCSA_PLUS_V3,1.0,0.9060405643738976,0.9667147927059906,1.0,1.0,1.0,0.75,0.8,0.9
39,SC-SCSA_PLUS_V3,1.0,0.9861111111111112,0.9963488021549354,1.0,1.0,1.0,1.0,1.0,0.8
40,SC-SCSA_PLUS_V3,0.5,0.42103174603174603,0.6341694798139321,0.0,0.5,0.3333333333333333,0.25,0.2,0.5
41,SC-SCSA_PLUS_V3,1.0,0.875,0.9550236580992476,1.0,1.0,1.0,0.75,0.6,0.4
42,SC-SCSA_PLUS_V3,0.25,0.3458333333333333,0.5495084006042852,0.0,0.0,0.0,0.25,0.4,0.4
43,SC-SCSA_PLUS_V3,1.0,1.0,1.0,1.0,1.0,1.0,1.0,1.0,1.0
44,SC-SCSA_PLUS_V3,1.0,1.0,1.0,1.0,1.0,1.0,1.0,1.0,1.0
45,SC-SCSA_PLUS_V3,1.0,0.9626543209876544,0.9895948844467957,1.0,1.0,1.0,1.0,1.0,0.9
46,SC-SCSA_PLUS_V3,1.0,0.9888888888888889,0.9971876401972101,1.0,1.0,1.0,1.0,1.0,0.9
47,SC-SCSA_PLUS_V3,1.0,0.9282627865961199,0.9770153702993118,1.0,1.0,1.0,1.0,0.8,0.9
48,SC-SCSA_PLUS_V3,1.0,1.0,1.0,1.0,1.0,1.0,1.0,1.0,1.0
49,SC-SCSA_PLUS_V3,0.3333333333333333,0.4862433862433862,0.6565169942403822,0.0,0.0,0.3333333333333333,0.5,0.4,0.6
50,SC-SCSA_PLUS_V3,1.0,1.0,1.0,1.0,1.0,1.0,1.0,1.0,1.0
51,SC-SCSA_PLUS_V3,0.25,0.39388888888888884,0.5844032406765807,0.0,0.0,0.0,0.25,0.4,0.5
53,SC-SCSA_PLUS_V3,1.0,1.0,1.0,1.0,1.0,0.6666666666666666,0.5,0.4,0.2
54,SC-SCSA_PLUS_V3,0.25,0.33958333333333335,0.5431800515011934,0.0,0.0,0.0,0.25,0.2,0.4
55,SC-SCSA_PLUS_V3,1.0,1.0,1.0,1.0,1.0,1.0,1.0,1.0,1.0
57,SC-SCSA_PLUS_V3,1.0,1.0,1.0,1.0,1.0,1.0,1.0,1.0,1.0
58,SC-SCSA_PLUS_V3,1.0,1.0,1.0,1.0,1.0,1.0,1.0,1.0,1.0
59,SC-SCSA_PLUS_V3,1.0,1.0,1.0,1.0,1.0,1.0,1.0,1.0,1.0
60,SC-SCSA_PLUS_V3,1.0,1.0,1.0,1.0,1.0,1.0,1.0,1.0,1.0
61,SC-SCSA_PLUS_V3,1.0,0.8782627865961198,0.9504206262110481,1.0,1.0,0.6666666666666666,0.75,0.8,0.9
62,SC-SCSA_PLUS_V3,0.125,0.125,0.31546487678572877,0.0,0.0,0.0,0.0,0.0,0.1
63,SC-SCSA_PLUS_V3,0.3333333333333333,0.5566326530612244,0.694276258299447,0.0,0.0,0.3333333333333333,0.5,0.4,0.7
66,SC-SCSA_PLUS_V3,0.5,0.7856701940035273,0.8328978515038054,0.0,0.5,0.6666666666666666,0.75,0.8,0.9
67,SC-SCSA_PLUS_V3,0.5,0.5,0.685898335475349,0.0,0.5,0.3333333333333333,0.5,0.4,0.5
68,SC-SCSA_PLUS_V3,1.0,0.762037037037037,0.9102003174374961,1.0,1.0,0.6666666666666666,0.75,0.6,0.6
70,SC-SCSA_PLUS_V3,0.3333333333333333,0.45846560846560847,0.6339823828545225,0.0,0.0,0.3333333333333333,0.25,0.2,0.6
71,SC-SCSA_PLUS_V3,1.0,1.0,1.0,1.0,1.0,1.0,1.0,1.0,1.0
72,SC-SCSA_PLUS_V3,1.0,0.9765432098765433,0.9937947856332161,1.0,1.0,1.0,1.0,1.0,0.9
73,SC-SCSA_PLUS_V3,0.3333333333333333,0.35962301587301587,0.5659840074535435,0.0,0.0,0.3333333333333333,0.25,0.2,0.4
74,SC-SCSA_PLUS_V3,0.3333333333333333,0.40208333333333335,0.5993138969864685,0.0,0.0,0.3333333333333333,0.5,0.4,0.4
76,SC-SCSA_PLUS_V3,1.0,1.0,1.0,1.0,1.0,1.0,1.0,1.0,1.0
77,SC-SCSA_PLUS_V3,1.0,1.0,1.0,1.0,1.0,1.0,1.0,1.0,1.0
78,SC-SCSA_PLUS_V3,0.0,0.0,0.0,0.0,0.0,0.0,0.0,0.0,0.0
79,SC-SCSA_PLUS_V3,1.0,0.9282627865961199,0.9770153702993118,1.0,1.0,1.0,1.0,0.8,0.9
81,SC-SCSA_PLUS_V3,1.0,1.0,1.0,1.0,1.0,1.0,1.0,1.0,1.0
1,SCSA-STATE_ART,1.0,0.8541666666666666,0.9438661545147249,1.0,1.0,0.6666666666666666,0.75,0.6,0.4
2,SCSA-STATE_ART,1.0,0.9861111111111112,0.9963488021549354,1.0,1.0,1.0,1.0,1.0,0.8
3,SCSA-STATE_ART,0.2,0.2111111111111111,0.42177340954886444,0.0,0.0,0.0,0.0,0.2,0.2
4,SCSA-STATE_ART,1.0,0.8178571428571427,0.9099466049873365,1.0,0.5,0.6666666666666666,0.75,0.8,0.6
5,SCSA-STATE_ART,0.25,0.225,0.44130740935663865,0.0,0.0,0.0,0.25,0.2,0.2
6,SCSA-STATE_ART,0.14285714285714285,0.17142857142857143,0.38162168437253385,0.0,0.0,0.0,0.0,0.0,0.2
7,SCSA-STATE_ART,0.3333333333333333,0.3222222222222222,0.5374517914100283,0.0,0.0,0.3333333333333333,0.25,0.2,0.3
8,SCSA-STATE_ART,1.0,0.8385912698412697,0.9424720919083771,1.0,1.0,1.0,0.75,0.6,0.8
9,SCSA-STATE_ART,1.0,0.9379251700680271,0.9803771474638899,1.0,1.0,1.0,1.0,0.8,0.7
10,SCSA-STATE_ART,0.3333333333333333,0.45846560846560847,0.6339823828545225,0.0,0.0,0.3333333333333333,0.25,0.2,0.6
11,SCSA-STATE_ART,1.0,0.7041666666666666,0.8653082042236201,1.0,0.5,0.6666666666666666,0.5,0.6,0.6
12,SCSA-STATE_ART,1.0,0.7634920634920634,0.906714212607902,1.0,1.0,0.6666666666666666,0.5,0.6,0.6
13,SCSA-STATE_ART,1.0,0.7470238095238095,0.8838242945899706,1.0,0.5,0.6666666666666666,0.75,0.6,0.4
15,SCSA-STATE_ART,1.0,0.6787037037037037,0.8582519365729243,1.0,0.5,0.6666666666666666,0.75,0.6,0.6
16,SCSA-STATE_ART,0.3333333333333333,0.3333333333333333,0.5,0.0,0.0,0.3333333333333333,0.25,0.2,0.1
17,SCSA-STATE_ART,1.0,1.0,1.0,1.0,0.5,0.3333333333333333,0.25,0.2,0.1
18,SCSA-STATE_ART,1.0,1.0,1.0,1.0,0.5,0.3333333333333333,0.25,0.2,0.1
19,SCSA-STATE_ART,0.5,0.7856701940035273,0.8328978515038054,0.0,0.5,0.6666666666666666,0.75,0.8,0.9
20,SCSA-STATE_ART,1.0,0.6111111111111112,0.7977228895450266,1.0,0.5,0.3333333333333333,0.25,0.2,0.2
21,SCSA-STATE_ART,0.2,0.2,0.38685280723454163,0.0,0.0,0.0,0.0,0.2,0.1
22,SCSA-STATE_ART,1.0,0.7861111111111111,0.9001715370445234,1.0,0.5,0.6666666666666666,0.75,0.8,0.6
23,SCSA-STATE_ART,0.0,0.0,0.0,0.0,0.0,0.0,0.0,0.0,0.0
24,SCSA-STATE_ART,0.5,0.5422222222222223,0.7149081258379462,0.0,0.5,0.6666666666666666,0.5,0.6,0.5
25,SCSA-STATE_ART,1.0,0.9888888888888889,0.9971876401972101,1.0,1.0,1.0,1.0,1.0,0.9
26,SCSA-STATE_ART,0.2,0.2888888888888889,0.4899692203633839,0.0,0.0,0.0,0.0,0.2,0.3
27,SCSA-STATE_ART,1.0,1.0,1.0,1.0,1.0,1.0,1.0,1.0,1.0
28,SCSA-STATE_ART,0.25,0.25,0.43067655807339306,0.0,0.0,0.0,0.25,0.2,0.1
29,SCSA-STATE_ART,1.0,0.5695767195767195,0.7852835896039292,1.0,0.5,0.3333333333333333,0.25,0.2,0.6
30,SCSA-STATE_ART,0.5,0.7031746031746031,0.7984658817584759,0.0,0.5,0.6666666666666666,0.75,0.6,0.8
31,SCSA-STATE_ART,1.0,0.6095238095238095,0.8072467605676945,1.0,0.5,0.3333333333333333,0.25,0.4,0.3
32,SCSA-STATE_ART,0.3333333333333333,0.26666666666666666,0.48381288316677695,0.0,0.0,0.3333333333333333,0.25,0.2,0.2
33,SCSA-STATE_ART,1.0,1.0,1.0,1.0,1.0,1.0,1.0,1.0,0.7
34,SCSA-STATE_ART,1.0,0.5634920634920635,0.7821154372211577,1.0,0.5,0.3333333333333333,0.25,0.2,0.5
35,SCSA-STATE_ART,0.0,0.0,0.0,0.0,0.0,0.0,0.0,0.0,0.0
36,SCSA-STATE_ART,1.0,0.88015873015873,0.9594516125393133,1.0,1.0,1.0,0.75,0.8,0.7
37,SCSA-STATE_ART,1.0,0.8041666666666667,0.9047172294870751,1.0,0.5,0.6666666666666666,0.75,0.8,0.4
38,SCSA-STATE_ART,1.0,0.9060405643738976,0.9667147927059906,1.0,1.0,1.0,0.75,0.8,0.9
39,SCSA-STATE_ART,1.0,1.0,1.0,1.0,1.0,1.0,1.0,1.0,1.0
40,SCSA-STATE_ART,1.0,0.7611111111111111,0.9052181617170642,1.0,1.0,0.6666666666666666,0.5,0.6,0.4
41,SCSA-STATE_ART,0.14285714285714285,0.14285714285714285,0.3333333333333333,0.0,0.0,0.0,0.0,0.0,0.1
42,SCSA-STATE_ART,0.3333333333333333,0.43333333333333335,0.6084170171049966,0.0,0.0,0.3333333333333333,0.25,0.4,0.4
43,SCSA-STATE_ART,0.25,0.3416666666666666,0.5316900945208328,0.0,0.0,0.0,0.25,0.4,0.3
44,SCSA-STATE_ART,1.0,0.7155328798185941,0.8585940263540549,1.0,0.5,0.3333333333333333,0.5,0.6,0.7
45,SCSA-STATE_ART,1.0,0.8523809523809524,0.9502262648327979,1.0,1.0,1.0,0.75,0.8,0.6
46,SCSA-STATE_ART,1.0,0.7142857142857142,0.8850504602968671,1.0,1.0,0.6666666666666666,0.5,0.4,0.5
47,SCSA-STATE_ART,1.0,1.0,1.0,1.0,1.0,1.0,1.0,1.0,0.9
48,SCSA-STATE_ART,1.0,0.9379251700680271,0.9803771474638899,1.0,1.0,1.0,1.0,0.8,0.7
49,SCSA-STATE_ART,1.0,0.7961904761904762,0.9182162519778518,1.0,1.0,0.6666666666666666,0.5,0.6,0.5
50,SCSA-STATE_ART,1.0,0.9060405643738976,0.9667147927059906,1.0,1.0,1.0,0.75,0.8,0.9
51,SCSA-STATE_ART,1.0,0.7916666666666666,0.9134015924715543,1.0,1.0,0.6666666666666666,0.5,0.4,0.3
53,SCSA-STATE_ART,0.0,0.0,0.0,0.0,0.0,0.0,0.0,0.0,0.0
54,SCSA-STATE_ART,0.2,0.33819444444444446,0.5307430968653729,0.0,0.0,0.0,0.0,0.2,0.4
55,SCSA-STATE_ART,1.0,1.0,1.0,1.0,1.0,1.0,1.0,1.0,1.0
57,SCSA-STATE_ART,1.0,1.0,1.0,1.0,1.0,1.0,1.0,1.0,1.0
58,SCSA-STATE_ART,1.0,1.0,1.0,1.0,1.0,1.0,1.0,1.0,1.0
60,SCSA-STATE_ART,1.0,1.0,1.0,1.0,1.0,1.0,1.0,1.0,1.0
61,SCSA-STATE_ART,0.25,0.25,0.45749452618986164,0.0,0.0,0.0,0.25,0.2,0.2
62,SCSA-STATE_ART,0.0,0.0,0.0,0.0,0.0,0.0,0.0,0.0,0.0
63,SCSA-STATE_ART,1.0,0.7746031746031746,0.910334901729952,1.0,1.0,0.6666666666666666,0.5,0.6,0.6
66,SCSA-STATE_ART,1.0,0.9583333333333334,0.9876712785649564,1.0,1.0,1.0,1.0,1.0,0.6
68,SCSA-STATE_ART,1.0,0.9467813051146384,0.9842184869190973,1.0,1.0,1.0,1.0,1.0,0.9
70,SCSA-STATE_ART,1.0,0.8333333333333334,0.9325210919548239,1.0,1.0,0.6666666666666666,0.5,0.4,0.3
71,SCSA-STATE_ART,1.0,1.0,1.0,1.0,1.0,1.0,1.0,1.0,1.0
72,SCSA-STATE_ART,1.0,1.0,1.0,1.0,1.0,1.0,1.0,1.0,1.0
73,SCSA-STATE_ART,1.0,0.5277777777777778,0.7585866543655181,1.0,0.5,0.3333333333333333,0.25,0.2,0.3
74,SCSA-STATE_ART,1.0,0.9282627865961199,0.9770153702993118,1.0,1.0,1.0,1.0,0.8,0.9
76,SCSA-STATE_ART,0.25,0.3986111111111111,0.5757194387661255,0.0,0.0,0.0,0.25,0.4,0.4
77,SCSA-STATE_ART,1.0,0.9626543209876544,0.9895948844467957,1.0,1.0,1.0,1.0,1.0,0.9
78,SCSA-STATE_ART,1.0,1.0,1.0,1.0,1.0,0.6666666666666666,0.5,0.4,0.2
79,SCSA-STATE_ART,1.0,0.8412257495590829,0.9196461703481416,1.0,0.5,0.6666666666666666,0.75,0.8,0.9
81,SCSA-STATE_ART,1.0,1.0,1.0,1.0,1.0,1.0,1.0,1.0,1.0
1,SCSA-SCSA_PLUS,1.0,0.7678571428571428,0.9058653015743079,1.0,1.0,0.6666666666666666,0.5,0.4,0.4
2,SCSA-SCSA_PLUS,1.0,0.9704861111111112,0.9918291064614978,1.0,1.0,1.0,1.0,1.0,0.8
3,SCSA-SCSA_PLUS,0.16666666666666666,0.20833333333333331,0.41183384043543503,0.0,0.0,0.0,0.0,0.0,0.2
4,SCSA-SCSA_PLUS,0.5,0.7345238095238096,0.7982650576674577,0.0,0.5,0.6666666666666666,0.75,0.8,0.6
5,SCSA-SCSA_PLUS,0.25,0.225,0.44130740935663865,0.0,0.0,0.0,0.25,0.2,0.2
6,SCSA-SCSA_PLUS,0.14285714285714285,0.17142857142857143,0.38162168437253385,0.0,0.0,0.0,0.0,0.0,0.2
7,SCSA-SCSA_PLUS,0.14285714285714285,0.23095238095238094,0.4401191709229659,0.0,0.0,0.0,0.0,0.0,0.3
8,SCSA-SCSA_PLUS,1.0,0.8552579365079365,0.95022367789117,1.0,1.0,1.0,0.75,0.8,0.8
9,SCSA-SCSA_PLUS,1.0,0.9682539682539683,0.9911205770005563,1.0,1.0,1.0,1.0,1.0,0.7
10,SCSA-SCSA_PLUS,0.2,0.43624338624338627,0.5997437692430793,0.0,0.0,0.0,0.0,0.2,0.6
11,SCSA-SCSA_PLUS,1.0,0.707936507936508,0.867094553178374,1.0,0.5,0.6666666666666666,0.5,0.6,0.6
12,SCSA-SCSA_PLUS,1.0,0.810515873015873,0.9322447939063515,1.0,1.0,1.0,0.75,0.6,0.6
13,SCSA-SCSA_PLUS,1.0,0.6215277777777777,0.8262373741149447,1.0,0.5,0.6666666666666666,0.5,0.4,0.4
15,SCSA-SCSA_PLUS,1.0,0.6787037037037037,0.8582519365729243,1.0,0.5,0.6666666666666666,0.75,0.6,0.6
16,SCSA-SCSA_PLUS,0.3333333333333333,0.3333333333333333,0.5,0.0,0.0,0.3333333333333333,0.25,0.2,0.1
17,SCSA-SCSA_PLUS,1.0,1.0,1.0,1.0,0.5,0.3333333333333333,0.25,0.2,0.1
18,SCSA-SCSA_PLUS,1.0,1.0,1.0,1.0,0.5,0.3333333333333333,0.25,0.2,0.1
19,SCSA-SCSA_PLUS,1.0,0.8412257495590829,0.9196461703481416,1.0,0.5,0.6666666666666666,0.75,0.8,0.9
20,SCSA-SCSA_PLUS,1.0,0.6,0.7903864795495061,1.0,0.5,0.3333333333333333,0.25,0.2,0.2
21,SCSA-SCSA_PLUS,0.16666666666666666,0.16666666666666666,0.3562071871080222,0.0,0.0,0.0,0.0,0.0,0.1
22,SCSA-SCSA_PLUS,1.0,0.9583333333333334,0.9876712785649564,1.0,1.0,1.0,1.0,1.0,0.6
23,SCSA-SCSA_PLUS,0.0,0.0,0.0,0.0,0.0,0.0,0.0,0.0,0.0
24,SCSA-SCSA_PLUS,0.5,0.4412698412698413,0.6479876501461624,0.0,0.5,0.3333333333333333,0.25,0.2,0.5
25,SCSA-SCSA_PLUS,1.0,0.9765432098765433,0.9937947856332161,1.0,1.0,1.0,1.0,1.0,0.9
26,SCSA-SCSA_PLUS,0.25,0.3277777777777778,0.5249161118977292,0.0,0.0,0.0,0.25,0.4,0.3
27,SCSA-SCSA_PLUS,1.0,1.0,1.0,1.0,1.0,1.0,1.0,1.0,1.0
28,SCSA-SCSA_PLUS,0.14285714285714285,0.14285714285714285,0.3333333333333333,0.0,0.0,0.0,0.0,0.0,0.1
29,SCSA-SCSA_PLUS,0.25,0.44457671957671957,0.6130049420154863,0.0,0.0,0.0,0.25,0.2,0.6
30,SCSA-SCSA_PLUS,1.0,0.8951388888888888,0.9670943502702474,1.0,1.0,1.0,1.0,0.8,0.8
31,SCSA-SCSA_PLUS,1.0,0.7777777777777778,0.9066276098484507,1.0,1.0,0.6666666666666666,0.5,0.4,0.3
32,SCSA-SCSA_PLUS,0.2,0.2,0.41443699955334395,0.0,0.0,0.0,0.0,0.2,0.2
33,SCSA-SCSA_PLUS,1.0,1.0,1.0,1.0,1.0,1.0,1.0,1.0,0.7
34,SCSA-SCSA_PLUS,0.5,0.48,0.6710350631449844,0.0,0.5,0.3333333333333333,0.25,0.4,0.5
35,SCSA-SCSA_PLUS,0.0,0.0,0.0,0.0,0.0,0.0,0.0,0.0,0.0
36,SCSA-SCSA_PLUS,1.0,0.9626543209876544,0.9895948844467957,1.0,1.0,1.0,1.0,1.0,0.9
37,SCSA-SCSA_PLUS,0.5,0.6791666666666667,0.7606395682357036,0.0,0.5,0.6666666666666666,0.75,0.8,0.4
38,SCSA-SCSA_PLUS,1.0,0.8412257495590829,0.9196461703481416,1.0,0.5,0.6666666666666666,0.75,0.8,0.9
39,SCSA-SCSA_PLUS,1.0,1.0,1.0,1.0,1.0,1.0,1.0,1.0,1.0
40,SCSA-SCSA_PLUS,1.0,0.7986111111111112,0.9223260797603763,1.0,1.0,0.6666666666666666,0.75,0.6,0.4
41,SCSA-SCSA_PLUS,0.14285714285714285,0.14285714285714285,0.3333333333333333,0.0,0.0,0.0,0.0,0.0,0.1
42,SCSA-SCSA_PLUS,0.3333333333333333,0.4833333333333333,0.6374883738653385,0.0,0.0,0.3333333333333333,0.5,0.6,0.4
43,SCSA-SCSA_PLUS,0.25,0.3194444444444444,0.5173087569496825,0.0,0.0,0.0,0.25,0.2,0.3
44,SCSA-SCSA_PLUS,1.0,0.7155328798185941,0.8585940263540549,1.0,0.5,0.3333333333333333,0.5,0.6,0.7
45,SCSA-SCSA_PLUS,1.0,0.8833333333333333,0.9607686373130875,1.0,1.0,1.0,0.75,0.8,0.6
46,SCSA-SCSA_PLUS,1.0,0.7644444444444444,0.9072602453428914,1.0,1.0,0.6666666666666666,0.5,0.6,0.5
47,SCSA-SCSA_PLUS,1.0,1.0,1.0,1.0,1.0,1.0,1.0,1.0,0.9
48,SCSA-SCSA_PLUS,1.0,0.9379251700680271,0.9803771474638899,1.0,1.0,1.0,1.0,0.8,0.7
49,SCSA-SCSA_PLUS,1.0,0.7087301587301587,0.8699594546339143,1.0,0.5,0.6666666666666666,0.75,0.6,0.5
50,SCSA-SCSA_PLUS,1.0,0.9060405643738976,0.9667147927059906,1.0,1.0,1.0,0.75,0.8,0.9
51,SCSA-SCSA_PLUS,1.0,0.7000000000000001,0.8529278650606567,1.0,0.5,0.3333333333333333,0.5,0.6,0.3
53,SCSA-SCSA_PLUS,0.0,0.0,0.0,0.0,0.0,0.0,0.0,0.0,0.0
54,SCSA-SCSA_PLUS,0.2,0.31666666666666665,0.5204370438439433,0.0,0.0,0.0,0.0,0.2,0.4
55,SCSA-SCSA_PLUS,1.0,1.0,1.0,1.0,1.0,1.0,1.0,1.0,1.0
57,SCSA-SCSA_PLUS,1.0,1.0,1.0,1.0,1.0,1.0,1.0,1.0,1.0
58,SCSA-SCSA_PLUS,1.0,1.0,1.0,1.0,1.0,1.0,1.0,1.0,1.0
60,SCSA-SCSA_PLUS,1.0,1.0,1.0,1.0,1.0,1.0,1.0,1.0,1.0
61,SCSA-SCSA_PLUS,0.25,0.225,0.44130740935663865,0.0,0.0,0.0,0.25,0.2,0.2
62,SCSA-SCSA_PLUS,0.0,0.0,0.0,0.0,0.0,0.0,0.0,0.0,0.0
63,SCSA-SCSA_PLUS,1.0,0.9444444444444445,0.983303248698947,1.0,1.0,1.0,1.0,1.0,0.6
66,SCSA-SCSA_PLUS,1.0,0.9484126984126983,0.9838048780283076,1.0,1.0,1.0,1.0,0.8,0.6
68,SCSA-SCSA_PLUS,1.0,0.9888888888888889,0.9971876401972101,1.0,1.0,1.0,1.0,1.0,0.9
70,SCSA-SCSA_PLUS,1.0,0.8666666666666667,0.9469024295259745,1.0,1.0,0.6666666666666666,0.5,0.6,0.3
71,SCSA-SCSA_PLUS,1.0,1.0,1.0,1.0,1.0,1.0,1.0,1.0,1.0
72,SCSA-SCSA_PLUS,1.0,1.0,1.0,1.0,1.0,1.0,1.0,1.0,1.0
73,SCSA-SCSA_PLUS,0.3333333333333333,0.29444444444444445,0.5183322919267586,0.0,0.0,0.3333333333333333,0.25,0.2,0.3
74,SCSA-SCSA_PLUS,1.0,0.8782627865961198,0.9504206262110481,1.0,1.0,0.6666666666666666,0.75,0.8,0.9
76,SCSA-SCSA_PLUS,0.25,0.37797619047619047,0.5604615934829585,0.0,0.0,0.0,0.25,0.2,0.4
77,SCSA-SCSA_PLUS,1.0,0.9467813051146384,0.9842184869190973,1.0,1.0,1.0,1.0,1.0,0.9
78,SCSA-SCSA_PLUS,1.0,1.0,1.0,1.0,1.0,0.6666666666666666,0.5,0.4,0.2
79,SCSA-SCSA_PLUS,0.5,0.7856701940035273,0.8328978515038054,0.0,0.5,0.6666666666666666,0.75,0.8,0.9
81,SCSA-SCSA_PLUS,1.0,1.0,1.0,1.0,1.0,1.0,1.0,1.0,1.0
1,SCSA-SCSA_PLUS_V3,0.14285714285714285,0.28154761904761905,0.483639123806428,0.0,0.0,0.0,0.0,0.0,0.4
2,SCSA-SCSA_PLUS_V3,0.5,0.7713789682539682,0.8232006379497264,0.0,0.5,0.6666666666666666,0.75,0.8,0.8
3,SCSA-SCSA_PLUS_V3,1.0,0.625,0.8065735963827293,1.0,0.5,0.3333333333333333,0.25,0.2,0.2
4,SCSA-SCSA_PLUS_V3,1.0,0.9166666666666666,0.9740298100854945,1.0,1.0,1.0,1.0,0.8,0.6
5,SCSA-SCSA_PLUS_V3,0.14285714285714285,0.17142857142857143,0.38162168437253385,0.0,0.0,0.0,0.0,0.0,0.2
6,SCSA-SCSA_PLUS_V3,1.0,0.6,0.7903864795495061,1.0,0.5,0.3333333333333333,0.25,0.2,0.2
7,SCSA-SCSA_PLUS_V3,0.2,0.25,0.4652347214527331,0.0,0.0,0.0,0.0,0.2,0.3
8,SCSA-SCSA_PLUS_V3,1.0,0.7656746031746031,0.8918195074012366,1.0,0.5,0.6666666666666666,0.75,0.6,0.8
9,SCSA-SCSA_PLUS_V3,0.3333333333333333,0.5972789115646258,0.713899110835557,0.0,0.0,0.3333333333333333,0.5,0.6,0.7
10,SCSA-SCSA_PLUS_V3,1.0,0.6160714285714286,0.8112537795184347,1.0,0.5,0.3333333333333333,0.25,0.4,0.6
11,SCSA-SCSA_PLUS_V3,0.5,0.708390022675737,0.796670591535181,0.0,0.5,0.6666666666666666,0.75,0.8,0.7
12,SCSA-SCSA_PLUS_V3,0.5,0.6049603174603174,0.7467049735455015,0.0,0.5,0.6666666666666666,0.5,0.6,0.6
13,SCSA-SCSA_PLUS_V3,1.0,0.49583333333333335,0.7438924904678291,1.0,0.5,0.3333333333333333,0.25,0.2,0.4
15,SCSA-SCSA_PLUS_V3,1.0,0.6044973544973545,0.8068857496524253,1.0,0.5,0.3333333333333333,0.25,0.4,0.6
16,SCSA-SCSA_PLUS_V3,0.2,0.2,0.38685280723454163,0.0,0.0,0.0,0.0,0.2,0.1
17,SCSA-SCSA_PLUS_V3,0.1111111111111111,0.1111111111111111,0.3010299956639812,0.0,0.0,0.0,0.0,0.0,0.1
18,SCSA-SCSA_PLUS_V3,0.1111111111111111,0.1111111111111111,0.3010299956639812,0.0,0.0,0.0,0.0,0.0,0.1
19,SCSA-SCSA_PLUS_V3,1.0,0.9282627865961199,0.9770153702993118,1.0,1.0,1.0,1.0,0.8,0.9
20,SCSA-SCSA_PLUS_V3,0.2,0.225,0.430624116386567,0.0,0.0,0.0,0.0,0.2,0.2
21,SCSA-SCSA_PLUS_V3,0.125,0.125,0.31546487678572877,0.0,0.0,0.0,0.0,0.0,0.1
22,SCSA-SCSA_PLUS_V3,1.0,0.5695767195767195,0.7852835896039292,1.0,0.5,0.3333333333333333,0.25,0.2,0.6
23,SCSA-SCSA_PLUS_V3,0.0,0.0,0.0,0.0,0.0,0.0,0.0,0.0,0.0
24,SCSA-SCSA_PLUS_V3,1.0,0.7116666666666667,0.867749820489524,1.0,0.5,0.6666666666666666,0.5,0.6,0.5
25,SCSA-SCSA_PLUS_V3,1.0,1.0,1.0,1.0,1.0,1.0,1.0,1.0,0.9
26,SCSA-SCSA_PLUS_V3,0.5,0.3611111111111111,0.5853898393086269,0.0,0.5,0.3333333333333333,0.25,0.2,0.3
27,SCSA-SCSA_PLUS_V3,1.0,1.0,1.0,1.0,1.0,1.0,1.0,1.0,1.0
28,SCSA-SCSA_PLUS_V3,0.14285714285714285,0.14285714285714285,0.3333333333333333,0.0,0.0,0.0,0.0,0.0,0.1
29,SCSA-SCSA_PLUS_V3,1.0,0.6251322751322751,0.8287956418288248,1.0,0.5,0.6666666666666666,0.5,0.4,0.6
30,SCSA-SCSA_PLUS_V3,0.5,0.7713789682539682,0.8232006379497264,0.0,0.5,0.6666666666666666,0.75,0.8,0.8
31,SCSA-SCSA_PLUS_V3,0.5,0.3611111111111111,0.5853898393086269,0.0,0.5,0.3333333333333333,0.25,0.2,0.3
32,SCSA-SCSA_PLUS_V3,0.16666666666666666,0.18333333333333335,0.39564672360221187,0.0,0.0,0.0,0.0,0.0,0.2
33,SCSA-SCSA_PLUS_V3,1.0,0.961734693877551,0.9888009031441519,1.0,1.0,1.0,1.0,1.0,0.7
34,SCSA-SCSA_PLUS_V3,0.3333333333333333,0.44666666666666666,0.6266289010472648,0.0,0.0,0.3333333333333333,0.25,0.4,0.5
35,SCSA-SCSA_PLUS_V3,0.0,0.0,0.0,0.0,0.0,0.0,0.0,0.0,0.0
36,SCSA-SCSA_PLUS_V3,0.25,0.4794973544973545,0.6346071020639825,0.0,0.0,0.0,0.25,0.4,0.6
37,SCSA-SCSA_PLUS_V3,0.5,0.49652777777777773,0.6821597128635729,0.0,0.5,0.6666666666666666,0.5,0.4,0.4
38,SCSA-SCSA_PLUS_V3,1.0,1.0,1.0,1.0,1.0,1.0,1.0,1.0,0.9
39,SCSA-SCSA_PLUS_V3,1.0,1.0,1.0,1.0,1.0,1.0,1.0,1.0,1.0
40,SCSA-SCSA_PLUS_V3,0.5,0.37083333333333335,0.5998148292164573,0.0,0.5,0.3333333333333333,0.25,0.2,0.4
41,SCSA-SCSA_PLUS_V3,0.0,0.0,0.0,0.0,0.0,0.0,0.0,0.0,0.0
42,SCSA-SCSA_PLUS_V3,0.16666666666666666,0.2875,0.49256861998650303,0.0,0.0,0.0,0.0,0.0,0.4
43,SCSA-SCSA_PLUS_V3,0.5,0.5,0.6653497124326151,0.0,0.5,0.3333333333333333,0.5,0.4,0.3
44,SCSA-SCSA_PLUS_V3,1.0,0.88015873015873,0.9594516125393133,1.0,1.0,1.0,0.75,0.8,0.7
45,SCSA-SCSA_PLUS_V3,0.5,0.5938492063492063,0.7430842844234515,0.0,0.5,0.6666666666666666,0.5,0.6,0.6
46,SCSA-SCSA_PLUS_V3,0.3333333333333333,0.4434920634920635,0.6229291093971973,0.0,0.0,0.3333333333333333,0.25,0.4,0.5
47,SCSA-SCSA_PLUS_V3,1.0,0.9765432098765433,0.9937947856332161,1.0,1.0,1.0,1.0,1.0,0.9
48,SCSA-SCSA_PLUS_V3,1.0,0.6375850340136054,0.8196683128314594,1.0,0.5,0.3333333333333333,0.25,0.4,0.7
49,SCSA-SCSA_PLUS_V3,1.0,0.5438888888888889,0.7774950961074903,1.0,0.5,0.3333333333333333,0.25,0.4,0.5
50,SCSA-SCSA_PLUS_V3,1.0,0.8782627865961198,0.9504206262110481,1.0,1.0,0.6666666666666666,0.75,0.8,0.9
51,SCSA-SCSA_PLUS_V3,1.0,0.6984126984126983,0.86034433104172,1.0,0.5,0.6666666666666666,0.5,0.4,0.3
53,SCSA-SCSA_PLUS_V3,0.0,0.0,0.0,0.0,0.0,0.0,0.0,0.0,0.0
54,SCSA-SCSA_PLUS_V3,1.0,0.8541666666666666,0.9438661545147249,1.0,1.0,0.6666666666666666,0.75,0.6,0.4
55,SCSA-SCSA_PLUS_V3,1.0,1.0,1.0,1.0,1.0,1.0,1.0,1.0,1.0
57,SCSA-SCSA_PLUS_V3,1.0,1.0,1.0,1.0,1.0,1.0,1.0,1.0,1.0
58,SCSA-SCSA_PLUS_V3,1.0,1.0,1.0,1.0,1.0,1.0,1.0,1.0,1.0
60,SCSA-SCSA_PLUS_V3,1.0,1.0,1.0,1.0,1.0,1.0,1.0,1.0,1.0
61,SCSA-SCSA_PLUS_V3,1.0,0.6428571428571428,0.8175295903539445,1.0,0.5,0.3333333333333333,0.25,0.2,0.2
62,SCSA-SCSA_PLUS_V3,0.0,0.0,0.0,0.0,0.0,0.0,0.0,0.0,0.0
63,SCSA-SCSA_PLUS_V3,0.5,0.6079365079365079,0.738056254141509,0.0,0.5,0.3333333333333333,0.5,0.6,0.6
66,SCSA-SCSA_PLUS_V3,1.0,0.7092592592592593,0.8846104232300452,1.0,1.0,0.6666666666666666,0.5,0.6,0.6
68,SCSA-SCSA_PLUS_V3,1.0,1.0,1.0,1.0,1.0,1.0,1.0,1.0,1.0
70,SCSA-SCSA_PLUS_V3,0.3333333333333333,0.41111111111111115,0.5833416105149332,0.0,0.0,0.3333333333333333,0.25,0.4,0.3
71,SCSA-SCSA_PLUS_V3,1.0,1.0,1.0,1.0,1.0,1.0,1.0,1.0,1.0
72,SCSA-SCSA_PLUS_V3,1.0,1.0,1.0,1.0,1.0,1.0,1.0,1.0,1.0
73,SCSA-SCSA_PLUS_V3,0.5,0.5,0.6653497124326151,0.0,0.5,0.3333333333333333,0.5,0.4,0.3
74,SCSA-SCSA_PLUS_V3,1.0,0.8412257495590829,0.9196461703481416,1.0,0.5,0.6666666666666666,0.75,0.8,0.9
76,SCSA-SCSA_PLUS_V3,0.5,0.6083333333333333,0.7315682114753617,0.0,0.5,0.6666666666666666,0.5,0.6,0.4
77,SCSA-SCSA_PLUS_V3,1.0,1.0,1.0,1.0,1.0,1.0,1.0,1.0,0.9
78,SCSA-SCSA_PLUS_V3,0.5,0.35,0.5640920940185894,0.0,0.5,0.3333333333333333,0.25,0.2,0.2
79,SCSA-SCSA_PLUS_V3,1.0,0.8782627865961198,0.9504206262110481,1.0,1.0,0.6666666666666666,0.75,0.8,0.9
81,SCSA-SCSA_PLUS_V3,1.0,1.0,1.0,1.0,1.0,1.0,1.0,1.0,1.0
